event_id,user_id,event_type,timestamp,properties
E00001,U0006,click,2024-02-01T00:17:00Z,"{""device"": ""ios"", ""source"": ""ads"", ""value"": 1}"
E00002,U0011,search,2024-02-01T00:34:00Z,"{""device"": ""android"", ""source"": ""organic"", ""value"": 2}"
E00003,U0016,purchase,2024-02-01T00:51:00Z,"{""device"": ""web"", ""source"": ""partner"", ""value"": 3}"
E00004,U0021,support_ticket,2024-02-01T01:08:00Z,"{""device"": ""ios"", ""source"": ""email"", ""value"": 4}"
E00005,U0026,view,2024-02-01T01:25:00Z,"{""device"": ""android"", ""source"": ""ads"", ""value"": 5}"
E00006,U0031,click,2024-02-01T01:42:00Z,"{""device"": ""web"", ""source"": ""organic"", ""value"": 6}"
E00007,U0036,search,2024-02-01T01:59:00Z,"{""device"": ""ios"", ""source"": ""partner"", ""value"": 7}"
E00008,U0041,purchase,2024-02-01T02:16:00Z,"{""device"": ""android"", ""source"": ""email"", ""value"": 8}"
E00009,U0046,support_ticket,2024-02-01T02:33:00Z,"{""device"": ""web"", ""source"": ""ads"", ""value"": 9}"
E00010,U0051,view,2024-02-01T02:50:00Z,"{""device"": ""ios"", ""source"": ""organic"", ""value"": 10}"
E00011,U0056,click,2024-02-01T03:07:00Z,"{""device"": ""android"", ""source"": ""partner"", ""value"": 0}"
E00012,U0061,search,2024-02-01T03:24:00Z,"{""device"": ""web"", ""source"": ""email"", ""value"": 1}"
E00013,U0066,purchase,2024-02-01T03:41:00Z,"{""device"": ""ios"", ""source"": ""ads"", ""value"": 2}"
E00014,U0071,support_ticket,2024-02-01T03:58:00Z,"{""device"": ""android"", ""source"": ""organic"", ""value"": 3}"
E00015,U0076,view,2024-02-01T04:15:00Z,"{""device"": ""web"", ""source"": ""partner"", ""value"": 4}"
E00016,U0081,click,2024-02-01T04:32:00Z,"{""device"": ""ios"", ""source"": ""email"", ""value"": 5}"
E00017,U0086,search,2024-02-01T04:49:00Z,"{""device"": ""android"", ""source"": ""ads"", ""value"": 6}"
E00018,U0091,purchase,2024-02-01T05:06:00Z,"{""device"": ""web"", ""source"": ""organic"", ""value"": 7}"
E00019,U0096,support_ticket,2024-02-01T05:23:00Z,"{""device"": ""ios"", ""source"": ""partner"", ""value"": 8}"
E00020,U0101,view,2024-02-01T05:40:00Z,"{""device"": ""android"", ""source"": ""email"", ""value"": 9}"
E00021,U0106,click,2024-02-01T05:57:00Z,"{""device"": ""web"", ""source"": ""ads"", ""value"": 10}"
E00022,U0111,search,2024-02-01T06:14:00Z,"{""device"": ""ios"", ""source"": ""organic"", ""value"": 0}"
E00023,U0116,purchase,2024-02-01T06:31:00Z,"{""device"": ""android"", ""source"": ""partner"", ""value"": 1}"
E00024,U0121,support_ticket,2024-02-01T06:48:00Z,"{""device"": ""web"", ""source"": ""email"", ""value"": 2}"
E00025,U0126,view,2024-02-01T07:05:00Z,"{""device"": ""ios"", ""source"": ""ads"", ""value"": 3}"
E00026,U0131,click,2024-02-01T07:22:00Z,"{""device"": ""android"", ""source"": ""organic"", ""value"": 4}"
E00027,U0136,search,2024-02-01T07:39:00Z,"{""device"": ""web"", ""source"": ""partner"", ""value"": 5}"
E00028,U0141,purchase,2024-02-01T07:56:00Z,"{""device"": ""ios"", ""source"": ""email"", ""value"": 6}"
E00029,U0146,support_ticket,2024-02-01T08:13:00Z,"{""device"": ""android"", ""source"": ""ads"", ""value"": 7}"
E00030,U0151,view,2024-02-01T08:30:00Z,"{""device"": ""web"", ""source"": ""organic"", ""value"": 8}"
E00031,U0156,click,2024-02-01T08:47:00Z,"{""device"": ""ios"", ""source"": ""partner"", ""value"": 9}"
E00032,U0161,search,2024-02-01T09:04:00Z,"{""device"": ""android"", ""source"": ""email"", ""value"": 10}"
E00033,U0166,purchase,2024-02-01T09:21:00Z,"{""device"": ""web"", ""source"": ""ads"", ""value"": 0}"
E00034,U0171,support_ticket,2024-02-01T09:38:00Z,"{""device"": ""ios"", ""source"": ""organic"", ""value"": 1}"
E00035,U0176,view,2024-02-01T09:55:00Z,"{""device"": ""android"", ""source"": ""partner"", ""value"": 2}"
E00036,U0181,click,2024-02-01T10:12:00Z,"{""device"": ""web"", ""source"": ""email"", ""value"": 3}"
E00037,U0186,search,2024-02-01T10:29:00Z,"{""device"": ""ios"", ""source"": ""ads"", ""value"": 4}"
E00038,U0191,purchase,2024-02-01T10:46:00Z,"{""device"": ""android"", ""source"": ""organic"", ""value"": 5}"
E00039,U0196,support_ticket,2024-02-01T11:03:00Z,"{""device"": ""web"", ""source"": ""partner"", ""value"": 6}"
E00040,U0001,view,2024-02-01T11:20:00Z,"{""device"": ""ios"", ""source"": ""email"", ""value"": 7}"
E00041,U0006,click,2024-02-01T11:37:00Z,"{""device"": ""android"", ""source"": ""ads"", ""value"": 8}"
E00042,U0011,search,2024-02-01T11:54:00Z,"{""device"": ""web"", ""source"": ""organic"", ""value"": 9}"
E00043,U0016,purchase,2024-02-01T12:11:00Z,"{""device"": ""ios"", ""source"": ""partner"", ""value"": 10}"
E00044,U0021,support_ticket,2024-02-01T12:28:00Z,"{""device"": ""android"", ""source"": ""email"", ""value"": 0}"
E00045,U0026,view,2024-02-01T12:45:00Z,"{""device"": ""web"", ""source"": ""ads"", ""value"": 1}"
E00046,U0031,click,2024-02-01T13:02:00Z,"{""device"": ""ios"", ""source"": ""organic"", ""value"": 2}"
E00047,U0036,search,2024-02-01T13:19:00Z,"{""device"": ""android"", ""source"": ""partner"", ""value"": 3}"
E00048,U0041,purchase,2024-02-01T13:36:00Z,"{""device"": ""web"", ""source"": ""email"", ""value"": 4}"
E00049,U0046,support_ticket,2024-02-01T13:53:00Z,"{""device"": ""ios"", ""source"": ""ads"", ""value"": 5}"
E00050,U0051,view,2024-02-01T14:10:00Z,"{""device"": ""android"", ""source"": ""organic"", ""value"": 6}"
E00051,U0056,click,2024-02-01T14:27:00Z,"{""device"": ""web"", ""source"": ""partner"", ""value"": 7}"
E00052,U0061,search,2024-02-01T14:44:00Z,"{""device"": ""ios"", ""source"": ""email"", ""value"": 8}"
E00053,U0066,purchase,2024-02-01T15:01:00Z,"{""device"": ""android"", ""source"": ""ads"", ""value"": 9}"
E00054,U0071,support_ticket,2024-02-01T15:18:00Z,"{""device"": ""web"", ""source"": ""organic"", ""value"": 10}"
E00055,U0076,view,2024-02-01T15:35:00Z,"{""device"": ""ios"", ""source"": ""partner"", ""value"": 0}"
E00056,U0081,click,2024-02-01T15:52:00Z,"{""device"": ""android"", ""source"": ""email"", ""value"": 1}"
E00057,U0086,search,2024-02-01T16:09:00Z,"{""device"": ""web"", ""source"": ""ads"", ""value"": 2}"
E00058,U0091,purchase,2024-02-01T16:26:00Z,"{""device"": ""ios"", ""source"": ""organic"", ""value"": 3}"
E00059,U0096,support_ticket,2024-02-01T16:43:00Z,"{""device"": ""android"", ""source"": ""partner"", ""value"": 4}"
E00060,U0101,view,2024-02-01T17:00:00Z,"{""device"": ""web"", ""source"": ""email"", ""value"": 5}"
E00061,U0106,click,2024-02-01T17:17:00Z,"{""device"": ""ios"", ""source"": ""ads"", ""value"": 6}"
E00062,U0111,search,2024-02-01T17:34:00Z,"{""device"": ""android"", ""source"": ""organic"", ""value"": 7}"
E00063,U0116,purchase,2024-02-01T17:51:00Z,"{""device"": ""web"", ""source"": ""partner"", ""value"": 8}"
E00064,U0121,support_ticket,2024-02-01T18:08:00Z,"{""device"": ""ios"", ""source"": ""email"", ""value"": 9}"
E00065,U0126,view,2024-02-01T18:25:00Z,"{""device"": ""android"", ""source"": ""ads"", ""value"": 10}"
E00066,U0131,click,2024-02-01T18:42:00Z,"{""device"": ""web"", ""source"": ""organic"", ""value"": 0}"
E00067,U0136,search,2024-02-01T18:59:00Z,"{""device"": ""ios"", ""source"": ""partner"", ""value"": 1}"
E00068,U0141,purchase,2024-02-01T19:16:00Z,"{""device"": ""android"", ""source"": ""email"", ""value"": 2}"
E00069,U0146,support_ticket,2024-02-01T19:33:00Z,"{""device"": ""web"", ""source"": ""ads"", ""value"": 3}"
E00070,U0151,view,2024-02-01T19:50:00Z,"{""device"": ""ios"", ""source"": ""organic"", ""value"": 4}"
E00071,U0156,click,2024-02-01T20:07:00Z,"{""device"": ""android"", ""source"": ""partner"", ""value"": 5}"
E00072,U0161,search,2024-02-01T20:24:00Z,"{""device"": ""web"", ""source"": ""email"", ""value"": 6}"
E00073,U0166,purchase,2024-02-01T20:41:00Z,"{""device"": ""ios"", ""source"": ""ads"", ""value"": 7}"
E00074,U0171,support_ticket,2024-02-01T20:58:00Z,"{""device"": ""android"", ""source"": ""organic"", ""value"": 8}"
E00075,U0176,view,2024-02-01T21:15:00Z,"{""device"": ""web"", ""source"": ""partner"", ""value"": 9}"
E00076,U0181,click,2024-02-01T21:32:00Z,"{""device"": ""ios"", ""source"": ""email"", ""value"": 10}"
E00077,U0186,search,2024-02-01T21:49:00Z,"{""device"": ""android"", ""source"": ""ads"", ""value"": 0}"
E00078,U0191,purchase,2024-02-01T22:06:00Z,"{""device"": ""web"", ""source"": ""organic"", ""value"": 1}"
E00079,U0196,support_ticket,2024-02-01T22:23:00Z,"{""device"": ""ios"", ""source"": ""partner"", ""value"": 2}"
E00080,U0001,view,2024-02-01T22:40:00Z,"{""device"": ""android"", ""source"": ""email"", ""value"": 3}"
E00081,U0006,click,2024-02-01T22:57:00Z,"{""device"": ""web"", ""source"": ""ads"", ""value"": 4}"
E00082,U0011,search,2024-02-01T23:14:00Z,"{""device"": ""ios"", ""source"": ""organic"", ""value"": 5}"
E00083,U0016,purchase,2024-02-01T23:31:00Z,"{""device"": ""android"", ""source"": ""partner"", ""value"": 6}"
E00084,U0021,support_ticket,2024-02-01T23:48:00Z,"{""device"": ""web"", ""source"": ""email"", ""value"": 7}"
E00085,U0026,view,2024-02-02T00:05:00Z,"{""device"": ""ios"", ""source"": ""ads"", ""value"": 8}"
E00086,U0031,click,2024-02-02T00:22:00Z,"{""device"": ""android"", ""source"": ""organic"", ""value"": 9}"
E00087,U0036,search,2024-02-02T00:39:00Z,"{""device"": ""web"", ""source"": ""partner"", ""value"": 10}"
E00088,U0041,purchase,2024-02-02T00:56:00Z,"{""device"": ""ios"", ""source"": ""email"", ""value"": 0}"
E00089,U0046,support_ticket,2024-02-02T01:13:00Z,"{""device"": ""android"", ""source"": ""ads"", ""value"": 1}"
E00090,U0051,view,2024-02-02T01:30:00Z,"{""device"": ""web"", ""source"": ""organic"", ""value"": 2}"
E00091,U0056,click,2024-02-02T01:47:00Z,"{""device"": ""ios"", ""source"": ""partner"", ""value"": 3}"
E00092,U0061,search,2024-02-02T02:04:00Z,"{""device"": ""android"", ""source"": ""email"", ""value"": 4}"
E00093,U0066,purchase,2024-02-02T02:21:00Z,"{""device"": ""web"", ""source"": ""ads"", ""value"": 5}"
E00094,U0071,support_ticket,2024-02-02T02:38:00Z,"{""device"": ""ios"", ""source"": ""organic"", ""value"": 6}"
E00095,U0076,view,2024-02-02T02:55:00Z,"{""device"": ""android"", ""source"": ""partner"", ""value"": 7}"
E00096,U0081,click,2024-02-02T03:12:00Z,"{""device"": ""web"", ""source"": ""email"", ""value"": 8}"
E00097,U0086,search,2024-02-02T03:29:00Z,"{""device"": ""ios"", ""source"": ""ads"", ""value"": 9}"
E00098,U0091,purchase,2024-02-02T03:46:00Z,"{""device"": ""android"", ""source"": ""organic"", ""value"": 10}"
E00099,U0096,support_ticket,2024-02-02T04:03:00Z,"{""device"": ""web"", ""source"": ""partner"", ""value"": 0}"
E00100,U0101,view,2024-02-02T04:20:00Z,"{""device"": ""ios"", ""source"": ""email"", ""value"": 1}"
E00101,U0106,click,2024-02-02T04:37:00Z,"{""device"": ""android"", ""source"": ""ads"", ""value"": 2}"
E00102,U0111,search,2024-02-02T04:54:00Z,"{""device"": ""web"", ""source"": ""organic"", ""value"": 3}"
E00103,U0116,purchase,2024-02-02T05:11:00Z,"{""device"": ""ios"", ""source"": ""partner"", ""value"": 4}"
E00104,U0121,support_ticket,2024-02-02T05:28:00Z,"{""device"": ""android"", ""source"": ""email"", ""value"": 5}"
E00105,U0126,view,2024-02-02T05:45:00Z,"{""device"": ""web"", ""source"": ""ads"", ""value"": 6}"
E00106,U0131,click,2024-02-02T06:02:00Z,"{""device"": ""ios"", ""source"": ""organic"", ""value"": 7}"
E00107,U0136,search,2024-02-02T06:19:00Z,"{""device"": ""android"", ""source"": ""partner"", ""value"": 8}"
E00108,U0141,purchase,2024-02-02T06:36:00Z,"{""device"": ""web"", ""source"": ""email"", ""value"": 9}"
E00109,U0146,support_ticket,2024-02-02T06:53:00Z,"{""device"": ""ios"", ""source"": ""ads"", ""value"": 10}"
E00110,U0151,view,2024-02-02T07:10:00Z,"{""device"": ""android"", ""source"": ""organic"", ""value"": 0}"
E00111,U0156,click,2024-02-02T07:27:00Z,"{""device"": ""web"", ""source"": ""partner"", ""value"": 1}"
E00112,U0161,search,2024-02-02T07:44:00Z,"{""device"": ""ios"", ""source"": ""email"", ""value"": 2}"
E00113,U0166,purchase,2024-02-02T08:01:00Z,"{""device"": ""android"", ""source"": ""ads"", ""value"": 3}"
E00114,U0171,support_ticket,2024-02-02T08:18:00Z,"{""device"": ""web"", ""source"": ""organic"", ""value"": 4}"
E00115,U0176,view,2024-02-02T08:35:00Z,"{""device"": ""ios"", ""source"": ""partner"", ""value"": 5}"
E00116,U0181,click,2024-02-02T08:52:00Z,"{""device"": ""android"", ""source"": ""email"", ""value"": 6}"
E00117,U0186,search,2024-02-02T09:09:00Z,"{""device"": ""web"", ""source"": ""ads"", ""value"": 7}"
E00118,U0191,purchase,2024-02-02T09:26:00Z,"{""device"": ""ios"", ""source"": ""organic"", ""value"": 8}"
E00119,U0196,support_ticket,2024-02-02T09:43:00Z,"{""device"": ""android"", ""source"": ""partner"", ""value"": 9}"
E00120,U0001,view,2024-02-02T10:00:00Z,"{""device"": ""web"", ""source"": ""email"", ""value"": 10}"
E00121,U0006,click,2024-02-02T10:17:00Z,"{""device"": ""ios"", ""source"": ""ads"", ""value"": 0}"
E00122,U0011,search,2024-02-02T10:34:00Z,"{""device"": ""android"", ""source"": ""organic"", ""value"": 1}"
E00123,U0016,purchase,2024-02-02T10:51:00Z,"{""device"": ""web"", ""source"": ""partner"", ""value"": 2}"
E00124,U0021,support_ticket,2024-02-02T11:08:00Z,"{""device"": ""ios"", ""source"": ""email"", ""value"": 3}"
E00125,U0026,view,2024-02-02T11:25:00Z,"{""device"": ""android"", ""source"": ""ads"", ""value"": 4}"
E00126,U0031,click,2024-02-02T11:42:00Z,"{""device"": ""web"", ""source"": ""organic"", ""value"": 5}"
E00127,U0036,search,2024-02-02T11:59:00Z,"{""device"": ""ios"", ""source"": ""partner"", ""value"": 6}"
E00128,U0041,purchase,2024-02-02T12:16:00Z,"{""device"": ""android"", ""source"": ""email"", ""value"": 7}"
E00129,U0046,support_ticket,2024-02-02T12:33:00Z,"{""device"": ""web"", ""source"": ""ads"", ""value"": 8}"
E00130,U0051,view,2024-02-02T12:50:00Z,"{""device"": ""ios"", ""source"": ""organic"", ""value"": 9}"
E00131,U0056,click,2024-02-02T13:07:00Z,"{""device"": ""android"", ""source"": ""partner"", ""value"": 10}"
E00132,U0061,search,2024-02-02T13:24:00Z,"{""device"": ""web"", ""source"": ""email"", ""value"": 0}"
E00133,U0066,purchase,2024-02-02T13:41:00Z,"{""device"": ""ios"", ""source"": ""ads"", ""value"": 1}"
E00134,U0071,support_ticket,2024-02-02T13:58:00Z,"{""device"": ""android"", ""source"": ""organic"", ""value"": 2}"
E00135,U0076,view,2024-02-02T14:15:00Z,"{""device"": ""web"", ""source"": ""partner"", ""value"": 3}"
E00136,U0081,click,2024-02-02T14:32:00Z,"{""device"": ""ios"", ""source"": ""email"", ""value"": 4}"
E00137,U0086,search,2024-02-02T14:49:00Z,"{""device"": ""android"", ""source"": ""ads"", ""value"": 5}"
E00138,U0091,purchase,2024-02-02T15:06:00Z,"{""device"": ""web"", ""source"": ""organic"", ""value"": 6}"
E00139,U0096,support_ticket,2024-02-02T15:23:00Z,"{""device"": ""ios"", ""source"": ""partner"", ""value"": 7}"
E00140,U0101,view,2024-02-02T15:40:00Z,"{""device"": ""android"", ""source"": ""email"", ""value"": 8}"
E00141,U0106,click,2024-02-02T15:57:00Z,"{""device"": ""web"", ""source"": ""ads"", ""value"": 9}"
E00142,U0111,search,2024-02-02T16:14:00Z,"{""device"": ""ios"", ""source"": ""organic"", ""value"": 10}"
E00143,U0116,purchase,2024-02-02T16:31:00Z,"{""device"": ""android"", ""source"": ""partner"", ""value"": 0}"
E00144,U0121,support_ticket,2024-02-02T16:48:00Z,"{""device"": ""web"", ""source"": ""email"", ""value"": 1}"
E00145,U0126,view,2024-02-02T17:05:00Z,"{""device"": ""ios"", ""source"": ""ads"", ""value"": 2}"
E00146,U0131,click,2024-02-02T17:22:00Z,"{""device"": ""android"", ""source"": ""organic"", ""value"": 3}"
E00147,U0136,search,2024-02-02T17:39:00Z,"{""device"": ""web"", ""source"": ""partner"", ""value"": 4}"
E00148,U0141,purchase,2024-02-02T17:56:00Z,"{""device"": ""ios"", ""source"": ""email"", ""value"": 5}"
E00149,U0146,support_ticket,2024-02-02T18:13:00Z,"{""device"": ""android"", ""source"": ""ads"", ""value"": 6}"
E00150,U0151,view,2024-02-02T18:30:00Z,"{""device"": ""web"", ""source"": ""organic"", ""value"": 7}"
E00151,U0156,click,2024-02-02T18:47:00Z,"{""device"": ""ios"", ""source"": ""partner"", ""value"": 8}"
E00152,U0161,search,2024-02-02T19:04:00Z,"{""device"": ""android"", ""source"": ""email"", ""value"": 9}"
E00153,U0166,purchase,2024-02-02T19:21:00Z,"{""device"": ""web"", ""source"": ""ads"", ""value"": 10}"
E00154,U0171,support_ticket,2024-02-02T19:38:00Z,"{""device"": ""ios"", ""source"": ""organic"", ""value"": 0}"
E00155,U0176,view,2024-02-02T19:55:00Z,"{""device"": ""android"", ""source"": ""partner"", ""value"": 1}"
E00156,U0181,click,2024-02-02T20:12:00Z,"{""device"": ""web"", ""source"": ""email"", ""value"": 2}"
E00157,U0186,search,2024-02-02T20:29:00Z,"{""device"": ""ios"", ""source"": ""ads"", ""value"": 3}"
E00158,U0191,purchase,2024-02-02T20:46:00Z,"{""device"": ""android"", ""source"": ""organic"", ""value"": 4}"
E00159,U0196,support_ticket,2024-02-02T21:03:00Z,"{""device"": ""web"", ""source"": ""partner"", ""value"": 5}"
E00160,U0001,view,2024-02-02T21:20:00Z,"{""device"": ""ios"", ""source"": ""email"", ""value"": 6}"
E00161,U0006,click,2024-02-02T21:37:00Z,"{""device"": ""android"", ""source"": ""ads"", ""value"": 7}"
E00162,U0011,search,2024-02-02T21:54:00Z,"{""device"": ""web"", ""source"": ""organic"", ""value"": 8}"
E00163,U0016,purchase,2024-02-02T22:11:00Z,"{""device"": ""ios"", ""source"": ""partner"", ""value"": 9}"
E00164,U0021,support_ticket,2024-02-02T22:28:00Z,"{""device"": ""android"", ""source"": ""email"", ""value"": 10}"
E00165,U0026,view,2024-02-02T22:45:00Z,"{""device"": ""web"", ""source"": ""ads"", ""value"": 0}"
E00166,U0031,click,2024-02-02T23:02:00Z,"{""device"": ""ios"", ""source"": ""organic"", ""value"": 1}"
E00167,U0036,search,2024-02-02T23:19:00Z,"{""device"": ""android"", ""source"": ""partner"", ""value"": 2}"
E00168,U0041,purchase,2024-02-02T23:36:00Z,"{""device"": ""web"", ""source"": ""email"", ""value"": 3}"
E00169,U0046,support_ticket,2024-02-02T23:53:00Z,"{""device"": ""ios"", ""source"": ""ads"", ""value"": 4}"
E00170,U0051,view,2024-02-03T00:10:00Z,"{""device"": ""android"", ""source"": ""organic"", ""value"": 5}"
E00171,U0056,click,2024-02-03T00:27:00Z,"{""device"": ""web"", ""source"": ""partner"", ""value"": 6}"
E00172,U0061,search,2024-02-03T00:44:00Z,"{""device"": ""ios"", ""source"": ""email"", ""value"": 7}"
E00173,U0066,purchase,2024-02-03T01:01:00Z,"{""device"": ""android"", ""source"": ""ads"", ""value"": 8}"
E00174,U0071,support_ticket,2024-02-03T01:18:00Z,"{""device"": ""web"", ""source"": ""organic"", ""value"": 9}"
E00175,U0076,view,2024-02-03T01:35:00Z,"{""device"": ""ios"", ""source"": ""partner"", ""value"": 10}"
E00176,U0081,click,2024-02-03T01:52:00Z,"{""device"": ""android"", ""source"": ""email"", ""value"": 0}"
E00177,U0086,search,2024-02-03T02:09:00Z,"{""device"": ""web"", ""source"": ""ads"", ""value"": 1}"
E00178,U0091,purchase,2024-02-03T02:26:00Z,"{""device"": ""ios"", ""source"": ""organic"", ""value"": 2}"
E00179,U0096,support_ticket,2024-02-03T02:43:00Z,"{""device"": ""android"", ""source"": ""partner"", ""value"": 3}"
E00180,U0101,view,2024-02-03T03:00:00Z,"{""device"": ""web"", ""source"": ""email"", ""value"": 4}"
E00181,U0106,click,2024-02-03T03:17:00Z,"{""device"": ""ios"", ""source"": ""ads"", ""value"": 5}"
E00182,U0111,search,2024-02-03T03:34:00Z,"{""device"": ""android"", ""source"": ""organic"", ""value"": 6}"
E00183,U0116,purchase,2024-02-03T03:51:00Z,"{""device"": ""web"", ""source"": ""partner"", ""value"": 7}"
E00184,U0121,support_ticket,2024-02-03T04:08:00Z,"{""device"": ""ios"", ""source"": ""email"", ""value"": 8}"
E00185,U0126,view,2024-02-03T04:25:00Z,"{""device"": ""android"", ""source"": ""ads"", ""value"": 9}"
E00186,U0131,click,2024-02-03T04:42:00Z,"{""device"": ""web"", ""source"": ""organic"", ""value"": 10}"
E00187,U0136,search,2024-02-03T04:59:00Z,"{""device"": ""ios"", ""source"": ""partner"", ""value"": 0}"
E00188,U0141,purchase,2024-02-03T05:16:00Z,"{""device"": ""android"", ""source"": ""email"", ""value"": 1}"
E00189,U0146,support_ticket,2024-02-03T05:33:00Z,"{""device"": ""web"", ""source"": ""ads"", ""value"": 2}"
E00190,U0151,view,2024-02-03T05:50:00Z,"{""device"": ""ios"", ""source"": ""organic"", ""value"": 3}"
E00191,U0156,click,2024-02-03T06:07:00Z,"{""device"": ""android"", ""source"": ""partner"", ""value"": 4}"
E00192,U0161,search,2024-02-03T06:24:00Z,"{""device"": ""web"", ""source"": ""email"", ""value"": 5}"
E00193,U0166,purchase,2024-02-03T06:41:00Z,"{""device"": ""ios"", ""source"": ""ads"", ""value"": 6}"
E00194,U0171,support_ticket,2024-02-03T06:58:00Z,"{""device"": ""android"", ""source"": ""organic"", ""value"": 7}"
E00195,U0176,view,2024-02-03T07:15:00Z,"{""device"": ""web"", ""source"": ""partner"", ""value"": 8}"
E00196,U0181,click,2024-02-03T07:32:00Z,"{""device"": ""ios"", ""source"": ""email"", ""value"": 9}"
E00197,U0186,search,2024-02-03T07:49:00Z,"{""device"": ""android"", ""source"": ""ads"", ""value"": 10}"
E00198,U0191,purchase,2024-02-03T08:06:00Z,"{""device"": ""web"", ""source"": ""organic"", ""value"": 0}"
E00199,U0196,support_ticket,2024-02-03T08:23:00Z,"{""device"": ""ios"", ""source"": ""partner"", ""value"": 1}"
E00200,U0001,view,2024-02-03T08:40:00Z,"{""device"": ""android"", ""source"": ""email"", ""value"": 2}"
E00201,U0006,click,2024-02-03T08:57:00Z,"{""device"": ""web"", ""source"": ""ads"", ""value"": 3}"
E00202,U0011,search,2024-02-03T09:14:00Z,"{""device"": ""ios"", ""source"": ""organic"", ""value"": 4}"
E00203,U0016,purchase,2024-02-03T09:31:00Z,"{""device"": ""android"", ""source"": ""partner"", ""value"": 5}"
E00204,U0021,support_ticket,2024-02-03T09:48:00Z,"{""device"": ""web"", ""source"": ""email"", ""value"": 6}"
E00205,U0026,view,2024-02-03T10:05:00Z,"{""device"": ""ios"", ""source"": ""ads"", ""value"": 7}"
E00206,U0031,click,2024-02-03T10:22:00Z,"{""device"": ""android"", ""source"": ""organic"", ""value"": 8}"
E00207,U0036,search,2024-02-03T10:39:00Z,"{""device"": ""web"", ""source"": ""partner"", ""value"": 9}"
E00208,U0041,purchase,2024-02-03T10:56:00Z,"{""device"": ""ios"", ""source"": ""email"", ""value"": 10}"
E00209,U0046,support_ticket,2024-02-03T11:13:00Z,"{""device"": ""android"", ""source"": ""ads"", ""value"": 0}"
E00210,U0051,view,2024-02-03T11:30:00Z,"{""device"": ""web"", ""source"": ""organic"", ""value"": 1}"
E00211,U0056,click,2024-02-03T11:47:00Z,"{""device"": ""ios"", ""source"": ""partner"", ""value"": 2}"
E00212,U0061,search,2024-02-03T12:04:00Z,"{""device"": ""android"", ""source"": ""email"", ""value"": 3}"
E00213,U0066,purchase,2024-02-03T12:21:00Z,"{""device"": ""web"", ""source"": ""ads"", ""value"": 4}"
E00214,U0071,support_ticket,2024-02-03T12:38:00Z,"{""device"": ""ios"", ""source"": ""organic"", ""value"": 5}"
E00215,U0076,view,2024-02-03T12:55:00Z,"{""device"": ""android"", ""source"": ""partner"", ""value"": 6}"
E00216,U0081,click,2024-02-03T13:12:00Z,"{""device"": ""web"", ""source"": ""email"", ""value"": 7}"
E00217,U0086,search,2024-02-03T13:29:00Z,"{""device"": ""ios"", ""source"": ""ads"", ""value"": 8}"
E00218,U0091,purchase,2024-02-03T13:46:00Z,"{""device"": ""android"", ""source"": ""organic"", ""value"": 9}"
E00219,U0096,support_ticket,2024-02-03T14:03:00Z,"{""device"": ""web"", ""source"": ""partner"", ""value"": 10}"
E00220,U0101,view,2024-02-03T14:20:00Z,"{""device"": ""ios"", ""source"": ""email"", ""value"": 0}"
E00221,U0106,click,2024-02-03T14:37:00Z,"{""device"": ""android"", ""source"": ""ads"", ""value"": 1}"
E00222,U0111,search,2024-02-03T14:54:00Z,"{""device"": ""web"", ""source"": ""organic"", ""value"": 2}"
E00223,U0116,purchase,2024-02-03T15:11:00Z,"{""device"": ""ios"", ""source"": ""partner"", ""value"": 3}"
E00224,U0121,support_ticket,2024-02-03T15:28:00Z,"{""device"": ""android"", ""source"": ""email"", ""value"": 4}"
E00225,U0126,view,2024-02-03T15:45:00Z,"{""device"": ""web"", ""source"": ""ads"", ""value"": 5}"
E00226,U0131,click,2024-02-03T16:02:00Z,"{""device"": ""ios"", ""source"": ""organic"", ""value"": 6}"
E00227,U0136,search,2024-02-03T16:19:00Z,"{""device"": ""android"", ""source"": ""partner"", ""value"": 7}"
E00228,U0141,purchase,2024-02-03T16:36:00Z,"{""device"": ""web"", ""source"": ""email"", ""value"": 8}"
E00229,U0146,support_ticket,2024-02-03T16:53:00Z,"{""device"": ""ios"", ""source"": ""ads"", ""value"": 9}"
E00230,U0151,view,2024-02-03T17:10:00Z,"{""device"": ""android"", ""source"": ""organic"", ""value"": 10}"
E00231,U0156,click,2024-02-03T17:27:00Z,"{""device"": ""web"", ""source"": ""partner"", ""value"": 0}"
E00232,U0161,search,2024-02-03T17:44:00Z,"{""device"": ""ios"", ""source"": ""email"", ""value"": 1}"
E00233,U0166,purchase,2024-02-03T18:01:00Z,"{""device"": ""android"", ""source"": ""ads"", ""value"": 2}"
E00234,U0171,support_ticket,2024-02-03T18:18:00Z,"{""device"": ""web"", ""source"": ""organic"", ""value"": 3}"
E00235,U0176,view,2024-02-03T18:35:00Z,"{""device"": ""ios"", ""source"": ""partner"", ""value"": 4}"
E00236,U0181,click,2024-02-03T18:52:00Z,"{""device"": ""android"", ""source"": ""email"", ""value"": 5}"
E00237,U0186,search,2024-02-03T19:09:00Z,"{""device"": ""web"", ""source"": ""ads"", ""value"": 6}"
E00238,U0191,purchase,2024-02-03T19:26:00Z,"{""device"": ""ios"", ""source"": ""organic"", ""value"": 7}"
E00239,U0196,support_ticket,2024-02-03T19:43:00Z,"{""device"": ""android"", ""source"": ""partner"", ""value"": 8}"
E00240,U0001,view,2024-02-03T20:00:00Z,"{""device"": ""web"", ""source"": ""email"", ""value"": 9}"
E00241,U0006,click,2024-02-03T20:17:00Z,"{""device"": ""ios"", ""source"": ""ads"", ""value"": 10}"
E00242,U0011,search,2024-02-03T20:34:00Z,"{""device"": ""android"", ""source"": ""organic"", ""value"": 0}"
E00243,U0016,purchase,2024-02-03T20:51:00Z,"{""device"": ""web"", ""source"": ""partner"", ""value"": 1}"
E00244,U0021,support_ticket,2024-02-03T21:08:00Z,"{""device"": ""ios"", ""source"": ""email"", ""value"": 2}"
E00245,U0026,view,2024-02-03T21:25:00Z,"{""device"": ""android"", ""source"": ""ads"", ""value"": 3}"
E00246,U0031,click,2024-02-03T21:42:00Z,"{""device"": ""web"", ""source"": ""organic"", ""value"": 4}"
E00247,U0036,search,2024-02-03T21:59:00Z,"{""device"": ""ios"", ""source"": ""partner"", ""value"": 5}"
E00248,U0041,purchase,2024-02-03T22:16:00Z,"{""device"": ""android"", ""source"": ""email"", ""value"": 6}"
E00249,U0046,support_ticket,2024-02-03T22:33:00Z,"{""device"": ""web"", ""source"": ""ads"", ""value"": 7}"
E00250,U0051,view,2024-02-03T22:50:00Z,"{""device"": ""ios"", ""source"": ""organic"", ""value"": 8}"
E00251,U0056,click,2024-02-03T23:07:00Z,"{""device"": ""android"", ""source"": ""partner"", ""value"": 9}"
E00252,U0061,search,2024-02-03T23:24:00Z,"{""device"": ""web"", ""source"": ""email"", ""value"": 10}"
E00253,U0066,purchase,2024-02-03T23:41:00Z,"{""device"": ""ios"", ""source"": ""ads"", ""value"": 0}"
E00254,U0071,support_ticket,2024-02-03T23:58:00Z,"{""device"": ""android"", ""source"": ""organic"", ""value"": 1}"
E00255,U0076,view,2024-02-04T00:15:00Z,"{""device"": ""web"", ""source"": ""partner"", ""value"": 2}"
E00256,U0081,click,2024-02-04T00:32:00Z,"{""device"": ""ios"", ""source"": ""email"", ""value"": 3}"
E00257,U0086,search,2024-02-04T00:49:00Z,"{""device"": ""android"", ""source"": ""ads"", ""value"": 4}"
E00258,U0091,purchase,2024-02-04T01:06:00Z,"{""device"": ""web"", ""source"": ""organic"", ""value"": 5}"
E00259,U0096,support_ticket,2024-02-04T01:23:00Z,"{""device"": ""ios"", ""source"": ""partner"", ""value"": 6}"
E00260,U0101,view,2024-02-04T01:40:00Z,"{""device"": ""android"", ""source"": ""email"", ""value"": 7}"
E00261,U0106,click,2024-02-04T01:57:00Z,"{""device"": ""web"", ""source"": ""ads"", ""value"": 8}"
E00262,U0111,search,2024-02-04T02:14:00Z,"{""device"": ""ios"", ""source"": ""organic"", ""value"": 9}"
E00263,U0116,purchase,2024-02-04T02:31:00Z,"{""device"": ""android"", ""source"": ""partner"", ""value"": 10}"
E00264,U0121,support_ticket,2024-02-04T02:48:00Z,"{""device"": ""web"", ""source"": ""email"", ""value"": 0}"
E00265,U0126,view,2024-02-04T03:05:00Z,"{""device"": ""ios"", ""source"": ""ads"", ""value"": 1}"
E00266,U0131,click,2024-02-04T03:22:00Z,"{""device"": ""android"", ""source"": ""organic"", ""value"": 2}"
E00267,U0136,search,2024-02-04T03:39:00Z,"{""device"": ""web"", ""source"": ""partner"", ""value"": 3}"
E00268,U0141,purchase,2024-02-04T03:56:00Z,"{""device"": ""ios"", ""source"": ""email"", ""value"": 4}"
E00269,U0146,support_ticket,2024-02-04T04:13:00Z,"{""device"": ""android"", ""source"": ""ads"", ""value"": 5}"
E00270,U0151,view,2024-02-04T04:30:00Z,"{""device"": ""web"", ""source"": ""organic"", ""value"": 6}"
E00271,U0156,click,2024-02-04T04:47:00Z,"{""device"": ""ios"", ""source"": ""partner"", ""value"": 7}"
E00272,U0161,search,2024-02-04T05:04:00Z,"{""device"": ""android"", ""source"": ""email"", ""value"": 8}"
E00273,U0166,purchase,2024-02-04T05:21:00Z,"{""device"": ""web"", ""source"": ""ads"", ""value"": 9}"
E00274,U0171,support_ticket,2024-02-04T05:38:00Z,"{""device"": ""ios"", ""source"": ""organic"", ""value"": 10}"
E00275,U0176,view,2024-02-04T05:55:00Z,"{""device"": ""android"", ""source"": ""partner"", ""value"": 0}"
E00276,U0181,click,2024-02-04T06:12:00Z,"{""device"": ""web"", ""source"": ""email"", ""value"": 1}"
E00277,U0186,search,2024-02-04T06:29:00Z,"{""device"": ""ios"", ""source"": ""ads"", ""value"": 2}"
E00278,U0191,purchase,2024-02-04T06:46:00Z,"{""device"": ""android"", ""source"": ""organic"", ""value"": 3}"
E00279,U0196,support_ticket,2024-02-04T07:03:00Z,"{""device"": ""web"", ""source"": ""partner"", ""value"": 4}"
E00280,U0001,view,2024-02-04T07:20:00Z,"{""device"": ""ios"", ""source"": ""email"", ""value"": 5}"
E00281,U0006,click,2024-02-04T07:37:00Z,"{""device"": ""android"", ""source"": ""ads"", ""value"": 6}"
E00282,U0011,search,2024-02-04T07:54:00Z,"{""device"": ""web"", ""source"": ""organic"", ""value"": 7}"
E00283,U0016,purchase,2024-02-04T08:11:00Z,"{""device"": ""ios"", ""source"": ""partner"", ""value"": 8}"
E00284,U0021,support_ticket,2024-02-04T08:28:00Z,"{""device"": ""android"", ""source"": ""email"", ""value"": 9}"
E00285,U0026,view,2024-02-04T08:45:00Z,"{""device"": ""web"", ""source"": ""ads"", ""value"": 10}"
E00286,U0031,click,2024-02-04T09:02:00Z,"{""device"": ""ios"", ""source"": ""organic"", ""value"": 0}"
E00287,U0036,search,2024-02-04T09:19:00Z,"{""device"": ""android"", ""source"": ""partner"", ""value"": 1}"
E00288,U0041,purchase,2024-02-04T09:36:00Z,"{""device"": ""web"", ""source"": ""email"", ""value"": 2}"
E00289,U0046,support_ticket,2024-02-04T09:53:00Z,"{""device"": ""ios"", ""source"": ""ads"", ""value"": 3}"
E00290,U0051,view,2024-02-04T10:10:00Z,"{""device"": ""android"", ""source"": ""organic"", ""value"": 4}"
E00291,U0056,click,2024-02-04T10:27:00Z,"{""device"": ""web"", ""source"": ""partner"", ""value"": 5}"
E00292,U0061,search,2024-02-04T10:44:00Z,"{""device"": ""ios"", ""source"": ""email"", ""value"": 6}"
E00293,U0066,purchase,2024-02-04T11:01:00Z,"{""device"": ""android"", ""source"": ""ads"", ""value"": 7}"
E00294,U0071,support_ticket,2024-02-04T11:18:00Z,"{""device"": ""web"", ""source"": ""organic"", ""value"": 8}"
E00295,U0076,view,2024-02-04T11:35:00Z,"{""device"": ""ios"", ""source"": ""partner"", ""value"": 9}"
E00296,U0081,click,2024-02-04T11:52:00Z,"{""device"": ""android"", ""source"": ""email"", ""value"": 10}"
E00297,U0086,search,2024-02-04T12:09:00Z,"{""device"": ""web"", ""source"": ""ads"", ""value"": 0}"
E00298,U0091,purchase,2024-02-04T12:26:00Z,"{""device"": ""ios"", ""source"": ""organic"", ""value"": 1}"
E00299,U0096,support_ticket,2024-02-04T12:43:00Z,"{""device"": ""android"", ""source"": ""partner"", ""value"": 2}"
E00300,U0101,view,2024-02-04T13:00:00Z,"{""device"": ""web"", ""source"": ""email"", ""value"": 3}"
E00301,U0106,click,2024-02-04T13:17:00Z,"{""device"": ""ios"", ""source"": ""ads"", ""value"": 4}"
E00302,U0111,search,2024-02-04T13:34:00Z,"{""device"": ""android"", ""source"": ""organic"", ""value"": 5}"
E00303,U0116,purchase,2024-02-04T13:51:00Z,"{""device"": ""web"", ""source"": ""partner"", ""value"": 6}"
E00304,U0121,support_ticket,2024-02-04T14:08:00Z,"{""device"": ""ios"", ""source"": ""email"", ""value"": 7}"
E00305,U0126,view,2024-02-04T14:25:00Z,"{""device"": ""android"", ""source"": ""ads"", ""value"": 8}"
E00306,U0131,click,2024-02-04T14:42:00Z,"{""device"": ""web"", ""source"": ""organic"", ""value"": 9}"
E00307,U0136,search,2024-02-04T14:59:00Z,"{""device"": ""ios"", ""source"": ""partner"", ""value"": 10}"
E00308,U0141,purchase,2024-02-04T15:16:00Z,"{""device"": ""android"", ""source"": ""email"", ""value"": 0}"
E00309,U0146,support_ticket,2024-02-04T15:33:00Z,"{""device"": ""web"", ""source"": ""ads"", ""value"": 1}"
E00310,U0151,view,2024-02-04T15:50:00Z,"{""device"": ""ios"", ""source"": ""organic"", ""value"": 2}"
E00311,U0156,click,2024-02-04T16:07:00Z,"{""device"": ""android"", ""source"": ""partner"", ""value"": 3}"
E00312,U0161,search,2024-02-04T16:24:00Z,"{""device"": ""web"", ""source"": ""email"", ""value"": 4}"
E00313,U0166,purchase,2024-02-04T16:41:00Z,"{""device"": ""ios"", ""source"": ""ads"", ""value"": 5}"
E00314,U0171,support_ticket,2024-02-04T16:58:00Z,"{""device"": ""android"", ""source"": ""organic"", ""value"": 6}"
E00315,U0176,view,2024-02-04T17:15:00Z,"{""device"": ""web"", ""source"": ""partner"", ""value"": 7}"
E00316,U0181,click,2024-02-04T17:32:00Z,"{""device"": ""ios"", ""source"": ""email"", ""value"": 8}"
E00317,U0186,search,2024-02-04T17:49:00Z,"{""device"": ""android"", ""source"": ""ads"", ""value"": 9}"
E00318,U0191,purchase,2024-02-04T18:06:00Z,"{""device"": ""web"", ""source"": ""organic"", ""value"": 10}"
E00319,U0196,support_ticket,2024-02-04T18:23:00Z,"{""device"": ""ios"", ""source"": ""partner"", ""value"": 0}"
E00320,U0001,view,2024-02-04T18:40:00Z,"{""device"": ""android"", ""source"": ""email"", ""value"": 1}"
E00321,U0006,click,2024-02-04T18:57:00Z,"{""device"": ""web"", ""source"": ""ads"", ""value"": 2}"
E00322,U0011,search,2024-02-04T19:14:00Z,"{""device"": ""ios"", ""source"": ""organic"", ""value"": 3}"
E00323,U0016,purchase,2024-02-04T19:31:00Z,"{""device"": ""android"", ""source"": ""partner"", ""value"": 4}"
E00324,U0021,support_ticket,2024-02-04T19:48:00Z,"{""device"": ""web"", ""source"": ""email"", ""value"": 5}"
E00325,U0026,view,2024-02-04T20:05:00Z,"{""device"": ""ios"", ""source"": ""ads"", ""value"": 6}"
E00326,U0031,click,2024-02-04T20:22:00Z,"{""device"": ""android"", ""source"": ""organic"", ""value"": 7}"
E00327,U0036,search,2024-02-04T20:39:00Z,"{""device"": ""web"", ""source"": ""partner"", ""value"": 8}"
E00328,U0041,purchase,2024-02-04T20:56:00Z,"{""device"": ""ios"", ""source"": ""email"", ""value"": 9}"
E00329,U0046,support_ticket,2024-02-04T21:13:00Z,"{""device"": ""android"", ""source"": ""ads"", ""value"": 10}"
E00330,U0051,view,2024-02-04T21:30:00Z,"{""device"": ""web"", ""source"": ""organic"", ""value"": 0}"
E00331,U0056,click,2024-02-04T21:47:00Z,"{""device"": ""ios"", ""source"": ""partner"", ""value"": 1}"
E00332,U0061,search,2024-02-04T22:04:00Z,"{""device"": ""android"", ""source"": ""email"", ""value"": 2}"
E00333,U0066,purchase,2024-02-04T22:21:00Z,"{""device"": ""web"", ""source"": ""ads"", ""value"": 3}"
E00334,U0071,support_ticket,2024-02-04T22:38:00Z,"{""device"": ""ios"", ""source"": ""organic"", ""value"": 4}"
E00335,U0076,view,2024-02-04T22:55:00Z,"{""device"": ""android"", ""source"": ""partner"", ""value"": 5}"
E00336,U0081,click,2024-02-04T23:12:00Z,"{""device"": ""web"", ""source"": ""email"", ""value"": 6}"
E00337,U0086,search,2024-02-04T23:29:00Z,"{""device"": ""ios"", ""source"": ""ads"", ""value"": 7}"
E00338,U0091,purchase,2024-02-04T23:46:00Z,"{""device"": ""android"", ""source"": ""organic"", ""value"": 8}"
E00339,U0096,support_ticket,2024-02-05T00:03:00Z,"{""device"": ""web"", ""source"": ""partner"", ""value"": 9}"
E00340,U0101,view,2024-02-05T00:20:00Z,"{""device"": ""ios"", ""source"": ""email"", ""value"": 10}"
E00341,U0106,click,2024-02-05T00:37:00Z,"{""device"": ""android"", ""source"": ""ads"", ""value"": 0}"
E00342,U0111,search,2024-02-05T00:54:00Z,"{""device"": ""web"", ""source"": ""organic"", ""value"": 1}"
E00343,U0116,purchase,2024-02-05T01:11:00Z,"{""device"": ""ios"", ""source"": ""partner"", ""value"": 2}"
E00344,U0121,support_ticket,2024-02-05T01:28:00Z,"{""device"": ""android"", ""source"": ""email"", ""value"": 3}"
E00345,U0126,view,2024-02-05T01:45:00Z,"{""device"": ""web"", ""source"": ""ads"", ""value"": 4}"
E00346,U0131,click,2024-02-05T02:02:00Z,"{""device"": ""ios"", ""source"": ""organic"", ""value"": 5}"
E00347,U0136,search,2024-02-05T02:19:00Z,"{""device"": ""android"", ""source"": ""partner"", ""value"": 6}"
E00348,U0141,purchase,2024-02-05T02:36:00Z,"{""device"": ""web"", ""source"": ""email"", ""value"": 7}"
E00349,U0146,support_ticket,2024-02-05T02:53:00Z,"{""device"": ""ios"", ""source"": ""ads"", ""value"": 8}"
E00350,U0151,view,2024-02-05T03:10:00Z,"{""device"": ""android"", ""source"": ""organic"", ""value"": 9}"
E00351,U0156,click,2024-02-05T03:27:00Z,"{""device"": ""web"", ""source"": ""partner"", ""value"": 10}"
E00352,U0161,search,2024-02-05T03:44:00Z,"{""device"": ""ios"", ""source"": ""email"", ""value"": 0}"
E00353,U0166,purchase,2024-02-05T04:01:00Z,"{""device"": ""android"", ""source"": ""ads"", ""value"": 1}"
E00354,U0171,support_ticket,2024-02-05T04:18:00Z,"{""device"": ""web"", ""source"": ""organic"", ""value"": 2}"
E00355,U0176,view,2024-02-05T04:35:00Z,"{""device"": ""ios"", ""source"": ""partner"", ""value"": 3}"
E00356,U0181,click,2024-02-05T04:52:00Z,"{""device"": ""android"", ""source"": ""email"", ""value"": 4}"
E00357,U0186,search,2024-02-05T05:09:00Z,"{""device"": ""web"", ""source"": ""ads"", ""value"": 5}"
E00358,U0191,purchase,2024-02-05T05:26:00Z,"{""device"": ""ios"", ""source"": ""organic"", ""value"": 6}"
E00359,U0196,support_ticket,2024-02-05T05:43:00Z,"{""device"": ""android"", ""source"": ""partner"", ""value"": 7}"
E00360,U0001,view,2024-02-05T06:00:00Z,"{""device"": ""web"", ""source"": ""email"", ""value"": 8}"
E00361,U0006,click,2024-02-05T06:17:00Z,"{""device"": ""ios"", ""source"": ""ads"", ""value"": 9}"
E00362,U0011,search,2024-02-05T06:34:00Z,"{""device"": ""android"", ""source"": ""organic"", ""value"": 10}"
E00363,U0016,purchase,2024-02-05T06:51:00Z,"{""device"": ""web"", ""source"": ""partner"", ""value"": 0}"
E00364,U0021,support_ticket,2024-02-05T07:08:00Z,"{""device"": ""ios"", ""source"": ""email"", ""value"": 1}"
E00365,U0026,view,2024-02-05T07:25:00Z,"{""device"": ""android"", ""source"": ""ads"", ""value"": 2}"
E00366,U0031,click,2024-02-05T07:42:00Z,"{""device"": ""web"", ""source"": ""organic"", ""value"": 3}"
E00367,U0036,search,2024-02-05T07:59:00Z,"{""device"": ""ios"", ""source"": ""partner"", ""value"": 4}"
E00368,U0041,purchase,2024-02-05T08:16:00Z,"{""device"": ""android"", ""source"": ""email"", ""value"": 5}"
E00369,U0046,support_ticket,2024-02-05T08:33:00Z,"{""device"": ""web"", ""source"": ""ads"", ""value"": 6}"
E00370,U0051,view,2024-02-05T08:50:00Z,"{""device"": ""ios"", ""source"": ""organic"", ""value"": 7}"
E00371,U0056,click,2024-02-05T09:07:00Z,"{""device"": ""android"", ""source"": ""partner"", ""value"": 8}"
E00372,U0061,search,2024-02-05T09:24:00Z,"{""device"": ""web"", ""source"": ""email"", ""value"": 9}"
E00373,U0066,purchase,2024-02-05T09:41:00Z,"{""device"": ""ios"", ""source"": ""ads"", ""value"": 10}"
E00374,U0071,support_ticket,2024-02-05T09:58:00Z,"{""device"": ""android"", ""source"": ""organic"", ""value"": 0}"
E00375,U0076,view,2024-02-05T10:15:00Z,"{""device"": ""web"", ""source"": ""partner"", ""value"": 1}"
E00376,U0081,click,2024-02-05T10:32:00Z,"{""device"": ""ios"", ""source"": ""email"", ""value"": 2}"
E00377,U0086,search,2024-02-05T10:49:00Z,"{""device"": ""android"", ""source"": ""ads"", ""value"": 3}"
E00378,U0091,purchase,2024-02-05T11:06:00Z,"{""device"": ""web"", ""source"": ""organic"", ""value"": 4}"
E00379,U0096,support_ticket,2024-02-05T11:23:00Z,"{""device"": ""ios"", ""source"": ""partner"", ""value"": 5}"
E00380,U0101,view,2024-02-05T11:40:00Z,"{""device"": ""android"", ""source"": ""email"", ""value"": 6}"
E00381,U0106,click,2024-02-05T11:57:00Z,"{""device"": ""web"", ""source"": ""ads"", ""value"": 7}"
E00382,U0111,search,2024-02-05T12:14:00Z,"{""device"": ""ios"", ""source"": ""organic"", ""value"": 8}"
E00383,U0116,purchase,2024-02-05T12:31:00Z,"{""device"": ""android"", ""source"": ""partner"", ""value"": 9}"
E00384,U0121,support_ticket,2024-02-05T12:48:00Z,"{""device"": ""web"", ""source"": ""email"", ""value"": 10}"
E00385,U0126,view,2024-02-05T13:05:00Z,"{""device"": ""ios"", ""source"": ""ads"", ""value"": 0}"
E00386,U0131,click,2024-02-05T13:22:00Z,"{""device"": ""android"", ""source"": ""organic"", ""value"": 1}"
E00387,U0136,search,2024-02-05T13:39:00Z,"{""device"": ""web"", ""source"": ""partner"", ""value"": 2}"
E00388,U0141,purchase,2024-02-05T13:56:00Z,"{""device"": ""ios"", ""source"": ""email"", ""value"": 3}"
E00389,U0146,support_ticket,2024-02-05T14:13:00Z,"{""device"": ""android"", ""source"": ""ads"", ""value"": 4}"
E00390,U0151,view,2024-02-05T14:30:00Z,"{""device"": ""web"", ""source"": ""organic"", ""value"": 5}"
E00391,U0156,click,2024-02-05T14:47:00Z,"{""device"": ""ios"", ""source"": ""partner"", ""value"": 6}"
E00392,U0161,search,2024-02-05T15:04:00Z,"{""device"": ""android"", ""source"": ""email"", ""value"": 7}"
E00393,U0166,purchase,2024-02-05T15:21:00Z,"{""device"": ""web"", ""source"": ""ads"", ""value"": 8}"
E00394,U0171,support_ticket,2024-02-05T15:38:00Z,"{""device"": ""ios"", ""source"": ""organic"", ""value"": 9}"
E00395,U0176,view,2024-02-05T15:55:00Z,"{""device"": ""android"", ""source"": ""partner"", ""value"": 10}"
E00396,U0181,click,2024-02-05T16:12:00Z,"{""device"": ""web"", ""source"": ""email"", ""value"": 0}"
E00397,U0186,search,2024-02-05T16:29:00Z,"{""device"": ""ios"", ""source"": ""ads"", ""value"": 1}"
E00398,U0191,purchase,2024-02-05T16:46:00Z,"{""device"": ""android"", ""source"": ""organic"", ""value"": 2}"
E00399,U0196,support_ticket,2024-02-05T17:03:00Z,"{""device"": ""web"", ""source"": ""partner"", ""value"": 3}"
E00400,U0001,view,2024-02-05T17:20:00Z,"{""device"": ""ios"", ""source"": ""email"", ""value"": 4}"
E00401,U0006,click,2024-02-05T17:37:00Z,"{""device"": ""android"", ""source"": ""ads"", ""value"": 5}"
E00402,U0011,search,2024-02-05T17:54:00Z,"{""device"": ""web"", ""source"": ""organic"", ""value"": 6}"
E00403,U0016,purchase,2024-02-05T18:11:00Z,"{""device"": ""ios"", ""source"": ""partner"", ""value"": 7}"
E00404,U0021,support_ticket,2024-02-05T18:28:00Z,"{""device"": ""android"", ""source"": ""email"", ""value"": 8}"
E00405,U0026,view,2024-02-05T18:45:00Z,"{""device"": ""web"", ""source"": ""ads"", ""value"": 9}"
E00406,U0031,click,2024-02-05T19:02:00Z,"{""device"": ""ios"", ""source"": ""organic"", ""value"": 10}"
E00407,U0036,search,2024-02-05T19:19:00Z,"{""device"": ""android"", ""source"": ""partner"", ""value"": 0}"
E00408,U0041,purchase,2024-02-05T19:36:00Z,"{""device"": ""web"", ""source"": ""email"", ""value"": 1}"
E00409,U0046,support_ticket,2024-02-05T19:53:00Z,"{""device"": ""ios"", ""source"": ""ads"", ""value"": 2}"
E00410,U0051,view,2024-02-05T20:10:00Z,"{""device"": ""android"", ""source"": ""organic"", ""value"": 3}"
E00411,U0056,click,2024-02-05T20:27:00Z,"{""device"": ""web"", ""source"": ""partner"", ""value"": 4}"
E00412,U0061,search,2024-02-05T20:44:00Z,"{""device"": ""ios"", ""source"": ""email"", ""value"": 5}"
E00413,U0066,purchase,2024-02-05T21:01:00Z,"{""device"": ""android"", ""source"": ""ads"", ""value"": 6}"
E00414,U0071,support_ticket,2024-02-05T21:18:00Z,"{""device"": ""web"", ""source"": ""organic"", ""value"": 7}"
E00415,U0076,view,2024-02-05T21:35:00Z,"{""device"": ""ios"", ""source"": ""partner"", ""value"": 8}"
E00416,U0081,click,2024-02-05T21:52:00Z,"{""device"": ""android"", ""source"": ""email"", ""value"": 9}"
E00417,U0086,search,2024-02-05T22:09:00Z,"{""device"": ""web"", ""source"": ""ads"", ""value"": 10}"
E00418,U0091,purchase,2024-02-05T22:26:00Z,"{""device"": ""ios"", ""source"": ""organic"", ""value"": 0}"
E00419,U0096,support_ticket,2024-02-05T22:43:00Z,"{""device"": ""android"", ""source"": ""partner"", ""value"": 1}"
E00420,U0101,view,2024-02-05T23:00:00Z,"{""device"": ""web"", ""source"": ""email"", ""value"": 2}"
E00421,U0106,click,2024-02-05T23:17:00Z,"{""device"": ""ios"", ""source"": ""ads"", ""value"": 3}"
E00422,U0111,search,2024-02-05T23:34:00Z,"{""device"": ""android"", ""source"": ""organic"", ""value"": 4}"
E00423,U0116,purchase,2024-02-05T23:51:00Z,"{""device"": ""web"", ""source"": ""partner"", ""value"": 5}"
E00424,U0121,support_ticket,2024-02-06T00:08:00Z,"{""device"": ""ios"", ""source"": ""email"", ""value"": 6}"
E00425,U0126,view,2024-02-06T00:25:00Z,"{""device"": ""android"", ""source"": ""ads"", ""value"": 7}"
E00426,U0131,click,2024-02-06T00:42:00Z,"{""device"": ""web"", ""source"": ""organic"", ""value"": 8}"
E00427,U0136,search,2024-02-06T00:59:00Z,"{""device"": ""ios"", ""source"": ""partner"", ""value"": 9}"
E00428,U0141,purchase,2024-02-06T01:16:00Z,"{""device"": ""android"", ""source"": ""email"", ""value"": 10}"
E00429,U0146,support_ticket,2024-02-06T01:33:00Z,"{""device"": ""web"", ""source"": ""ads"", ""value"": 0}"
E00430,U0151,view,2024-02-06T01:50:00Z,"{""device"": ""ios"", ""source"": ""organic"", ""value"": 1}"
E00431,U0156,click,2024-02-06T02:07:00Z,"{""device"": ""android"", ""source"": ""partner"", ""value"": 2}"
E00432,U0161,search,2024-02-06T02:24:00Z,"{""device"": ""web"", ""source"": ""email"", ""value"": 3}"
E00433,U0166,purchase,2024-02-06T02:41:00Z,"{""device"": ""ios"", ""source"": ""ads"", ""value"": 4}"
E00434,U0171,support_ticket,2024-02-06T02:58:00Z,"{""device"": ""android"", ""source"": ""organic"", ""value"": 5}"
E00435,U0176,view,2024-02-06T03:15:00Z,"{""device"": ""web"", ""source"": ""partner"", ""value"": 6}"
E00436,U0181,click,2024-02-06T03:32:00Z,"{""device"": ""ios"", ""source"": ""email"", ""value"": 7}"
E00437,U0186,search,2024-02-06T03:49:00Z,"{""device"": ""android"", ""source"": ""ads"", ""value"": 8}"
E00438,U0191,purchase,2024-02-06T04:06:00Z,"{""device"": ""web"", ""source"": ""organic"", ""value"": 9}"
E00439,U0196,support_ticket,2024-02-06T04:23:00Z,"{""device"": ""ios"", ""source"": ""partner"", ""value"": 10}"
E00440,U0001,view,2024-02-06T04:40:00Z,"{""device"": ""android"", ""source"": ""email"", ""value"": 0}"
E00441,U0006,click,2024-02-06T04:57:00Z,"{""device"": ""web"", ""source"": ""ads"", ""value"": 1}"
E00442,U0011,search,2024-02-06T05:14:00Z,"{""device"": ""ios"", ""source"": ""organic"", ""value"": 2}"
E00443,U0016,purchase,2024-02-06T05:31:00Z,"{""device"": ""android"", ""source"": ""partner"", ""value"": 3}"
E00444,U0021,support_ticket,2024-02-06T05:48:00Z,"{""device"": ""web"", ""source"": ""email"", ""value"": 4}"
E00445,U0026,view,2024-02-06T06:05:00Z,"{""device"": ""ios"", ""source"": ""ads"", ""value"": 5}"
E00446,U0031,click,2024-02-06T06:22:00Z,"{""device"": ""android"", ""source"": ""organic"", ""value"": 6}"
E00447,U0036,search,2024-02-06T06:39:00Z,"{""device"": ""web"", ""source"": ""partner"", ""value"": 7}"
E00448,U0041,purchase,2024-02-06T06:56:00Z,"{""device"": ""ios"", ""source"": ""email"", ""value"": 8}"
E00449,U0046,support_ticket,2024-02-06T07:13:00Z,"{""device"": ""android"", ""source"": ""ads"", ""value"": 9}"
E00450,U0051,view,2024-02-06T07:30:00Z,"{""device"": ""web"", ""source"": ""organic"", ""value"": 10}"
E00451,U0056,click,2024-02-06T07:47:00Z,"{""device"": ""ios"", ""source"": ""partner"", ""value"": 0}"
E00452,U0061,search,2024-02-06T08:04:00Z,"{""device"": ""android"", ""source"": ""email"", ""value"": 1}"
E00453,U0066,purchase,2024-02-06T08:21:00Z,"{""device"": ""web"", ""source"": ""ads"", ""value"": 2}"
E00454,U0071,support_ticket,2024-02-06T08:38:00Z,"{""device"": ""ios"", ""source"": ""organic"", ""value"": 3}"
E00455,U0076,view,2024-02-06T08:55:00Z,"{""device"": ""android"", ""source"": ""partner"", ""value"": 4}"
E00456,U0081,click,2024-02-06T09:12:00Z,"{""device"": ""web"", ""source"": ""email"", ""value"": 5}"
E00457,U0086,search,2024-02-06T09:29:00Z,"{""device"": ""ios"", ""source"": ""ads"", ""value"": 6}"
E00458,U0091,purchase,2024-02-06T09:46:00Z,"{""device"": ""android"", ""source"": ""organic"", ""value"": 7}"
E00459,U0096,support_ticket,2024-02-06T10:03:00Z,"{""device"": ""web"", ""source"": ""partner"", ""value"": 8}"
E00460,U0101,view,2024-02-06T10:20:00Z,"{""device"": ""ios"", ""source"": ""email"", ""value"": 9}"
E00461,U0106,click,2024-02-06T10:37:00Z,"{""device"": ""android"", ""source"": ""ads"", ""value"": 10}"
E00462,U0111,search,2024-02-06T10:54:00Z,"{""device"": ""web"", ""source"": ""organic"", ""value"": 0}"
E00463,U0116,purchase,2024-02-06T11:11:00Z,"{""device"": ""ios"", ""source"": ""partner"", ""value"": 1}"
E00464,U0121,support_ticket,2024-02-06T11:28:00Z,"{""device"": ""android"", ""source"": ""email"", ""value"": 2}"
E00465,U0126,view,2024-02-06T11:45:00Z,"{""device"": ""web"", ""source"": ""ads"", ""value"": 3}"
E00466,U0131,click,2024-02-06T12:02:00Z,"{""device"": ""ios"", ""source"": ""organic"", ""value"": 4}"
E00467,U0136,search,2024-02-06T12:19:00Z,"{""device"": ""android"", ""source"": ""partner"", ""value"": 5}"
E00468,U0141,purchase,2024-02-06T12:36:00Z,"{""device"": ""web"", ""source"": ""email"", ""value"": 6}"
E00469,U0146,support_ticket,2024-02-06T12:53:00Z,"{""device"": ""ios"", ""source"": ""ads"", ""value"": 7}"
E00470,U0151,view,2024-02-06T13:10:00Z,"{""device"": ""android"", ""source"": ""organic"", ""value"": 8}"
E00471,U0156,click,2024-02-06T13:27:00Z,"{""device"": ""web"", ""source"": ""partner"", ""value"": 9}"
E00472,U0161,search,2024-02-06T13:44:00Z,"{""device"": ""ios"", ""source"": ""email"", ""value"": 10}"
E00473,U0166,purchase,2024-02-06T14:01:00Z,"{""device"": ""android"", ""source"": ""ads"", ""value"": 0}"
E00474,U0171,support_ticket,2024-02-06T14:18:00Z,"{""device"": ""web"", ""source"": ""organic"", ""value"": 1}"
E00475,U0176,view,2024-02-06T14:35:00Z,"{""device"": ""ios"", ""source"": ""partner"", ""value"": 2}"
E00476,U0181,click,2024-02-06T14:52:00Z,"{""device"": ""android"", ""source"": ""email"", ""value"": 3}"
E00477,U0186,search,2024-02-06T15:09:00Z,"{""device"": ""web"", ""source"": ""ads"", ""value"": 4}"
E00478,U0191,purchase,2024-02-06T15:26:00Z,"{""device"": ""ios"", ""source"": ""organic"", ""value"": 5}"
E00479,U0196,support_ticket,2024-02-06T15:43:00Z,"{""device"": ""android"", ""source"": ""partner"", ""value"": 6}"
E00480,U0001,view,2024-02-06T16:00:00Z,"{""device"": ""web"", ""source"": ""email"", ""value"": 7}"
E00481,U0006,click,2024-02-06T16:17:00Z,"{""device"": ""ios"", ""source"": ""ads"", ""value"": 8}"
E00482,U0011,search,2024-02-06T16:34:00Z,"{""device"": ""android"", ""source"": ""organic"", ""value"": 9}"
E00483,U0016,purchase,2024-02-06T16:51:00Z,"{""device"": ""web"", ""source"": ""partner"", ""value"": 10}"
E00484,U0021,support_ticket,2024-02-06T17:08:00Z,"{""device"": ""ios"", ""source"": ""email"", ""value"": 0}"
E00485,U0026,view,2024-02-06T17:25:00Z,"{""device"": ""android"", ""source"": ""ads"", ""value"": 1}"
E00486,U0031,click,2024-02-06T17:42:00Z,"{""device"": ""web"", ""source"": ""organic"", ""value"": 2}"
E00487,U0036,search,2024-02-06T17:59:00Z,"{""device"": ""ios"", ""source"": ""partner"", ""value"": 3}"
E00488,U0041,purchase,2024-02-06T18:16:00Z,"{""device"": ""android"", ""source"": ""email"", ""value"": 4}"
E00489,U0046,support_ticket,2024-02-06T18:33:00Z,"{""device"": ""web"", ""source"": ""ads"", ""value"": 5}"
E00490,U0051,view,2024-02-06T18:50:00Z,"{""device"": ""ios"", ""source"": ""organic"", ""value"": 6}"
E00491,U0056,click,2024-02-06T19:07:00Z,"{""device"": ""android"", ""source"": ""partner"", ""value"": 7}"
E00492,U0061,search,2024-02-06T19:24:00Z,"{""device"": ""web"", ""source"": ""email"", ""value"": 8}"
E00493,U0066,purchase,2024-02-06T19:41:00Z,"{""device"": ""ios"", ""source"": ""ads"", ""value"": 9}"
E00494,U0071,support_ticket,2024-02-06T19:58:00Z,"{""device"": ""android"", ""source"": ""organic"", ""value"": 10}"
E00495,U0076,view,2024-02-06T20:15:00Z,"{""device"": ""web"", ""source"": ""partner"", ""value"": 0}"
E00496,U0081,click,2024-02-06T20:32:00Z,"{""device"": ""ios"", ""source"": ""email"", ""value"": 1}"
E00497,U0086,search,2024-02-06T20:49:00Z,"{""device"": ""android"", ""source"": ""ads"", ""value"": 2}"
E00498,U0091,purchase,2024-02-06T21:06:00Z,"{""device"": ""web"", ""source"": ""organic"", ""value"": 3}"
E00499,U0096,support_ticket,2024-02-06T21:23:00Z,"{""device"": ""ios"", ""source"": ""partner"", ""value"": 4}"
E00500,U0101,view,2024-02-06T21:40:00Z,"{""device"": ""android"", ""source"": ""email"", ""value"": 5}"
E00501,U0106,click,2024-02-06T21:57:00Z,"{""device"": ""web"", ""source"": ""ads"", ""value"": 6}"
E00502,U0111,search,2024-02-06T22:14:00Z,"{""device"": ""ios"", ""source"": ""organic"", ""value"": 7}"
E00503,U0116,purchase,2024-02-06T22:31:00Z,"{""device"": ""android"", ""source"": ""partner"", ""value"": 8}"
E00504,U0121,support_ticket,2024-02-06T22:48:00Z,"{""device"": ""web"", ""source"": ""email"", ""value"": 9}"
E00505,U0126,view,2024-02-06T23:05:00Z,"{""device"": ""ios"", ""source"": ""ads"", ""value"": 10}"
E00506,U0131,click,2024-02-06T23:22:00Z,"{""device"": ""android"", ""source"": ""organic"", ""value"": 0}"
E00507,U0136,search,2024-02-06T23:39:00Z,"{""device"": ""web"", ""source"": ""partner"", ""value"": 1}"
E00508,U0141,purchase,2024-02-06T23:56:00Z,"{""device"": ""ios"", ""source"": ""email"", ""value"": 2}"
E00509,U0146,support_ticket,2024-02-07T00:13:00Z,"{""device"": ""android"", ""source"": ""ads"", ""value"": 3}"
E00510,U0151,view,2024-02-07T00:30:00Z,"{""device"": ""web"", ""source"": ""organic"", ""value"": 4}"
E00511,U0156,click,2024-02-07T00:47:00Z,"{""device"": ""ios"", ""source"": ""partner"", ""value"": 5}"
E00512,U0161,search,2024-02-07T01:04:00Z,"{""device"": ""android"", ""source"": ""email"", ""value"": 6}"
E00513,U0166,purchase,2024-02-07T01:21:00Z,"{""device"": ""web"", ""source"": ""ads"", ""value"": 7}"
E00514,U0171,support_ticket,2024-02-07T01:38:00Z,"{""device"": ""ios"", ""source"": ""organic"", ""value"": 8}"
E00515,U0176,view,2024-02-07T01:55:00Z,"{""device"": ""android"", ""source"": ""partner"", ""value"": 9}"
E00516,U0181,click,2024-02-07T02:12:00Z,"{""device"": ""web"", ""source"": ""email"", ""value"": 10}"
E00517,U0186,search,2024-02-07T02:29:00Z,"{""device"": ""ios"", ""source"": ""ads"", ""value"": 0}"
E00518,U0191,purchase,2024-02-07T02:46:00Z,"{""device"": ""android"", ""source"": ""organic"", ""value"": 1}"
E00519,U0196,support_ticket,2024-02-07T03:03:00Z,"{""device"": ""web"", ""source"": ""partner"", ""value"": 2}"
E00520,U0001,view,2024-02-07T03:20:00Z,"{""device"": ""ios"", ""source"": ""email"", ""value"": 3}"
E00521,U0006,click,2024-02-07T03:37:00Z,"{""device"": ""android"", ""source"": ""ads"", ""value"": 4}"
E00522,U0011,search,2024-02-07T03:54:00Z,"{""device"": ""web"", ""source"": ""organic"", ""value"": 5}"
E00523,U0016,purchase,2024-02-07T04:11:00Z,"{""device"": ""ios"", ""source"": ""partner"", ""value"": 6}"
E00524,U0021,support_ticket,2024-02-07T04:28:00Z,"{""device"": ""android"", ""source"": ""email"", ""value"": 7}"
E00525,U0026,view,2024-02-07T04:45:00Z,"{""device"": ""web"", ""source"": ""ads"", ""value"": 8}"
E00526,U0031,click,2024-02-07T05:02:00Z,"{""device"": ""ios"", ""source"": ""organic"", ""value"": 9}"
E00527,U0036,search,2024-02-07T05:19:00Z,"{""device"": ""android"", ""source"": ""partner"", ""value"": 10}"
E00528,U0041,purchase,2024-02-07T05:36:00Z,"{""device"": ""web"", ""source"": ""email"", ""value"": 0}"
E00529,U0046,support_ticket,2024-02-07T05:53:00Z,"{""device"": ""ios"", ""source"": ""ads"", ""value"": 1}"
E00530,U0051,view,2024-02-07T06:10:00Z,"{""device"": ""android"", ""source"": ""organic"", ""value"": 2}"
E00531,U0056,click,2024-02-07T06:27:00Z,"{""device"": ""web"", ""source"": ""partner"", ""value"": 3}"
E00532,U0061,search,2024-02-07T06:44:00Z,"{""device"": ""ios"", ""source"": ""email"", ""value"": 4}"
E00533,U0066,purchase,2024-02-07T07:01:00Z,"{""device"": ""android"", ""source"": ""ads"", ""value"": 5}"
E00534,U0071,support_ticket,2024-02-07T07:18:00Z,"{""device"": ""web"", ""source"": ""organic"", ""value"": 6}"
E00535,U0076,view,2024-02-07T07:35:00Z,"{""device"": ""ios"", ""source"": ""partner"", ""value"": 7}"
E00536,U0081,click,2024-02-07T07:52:00Z,"{""device"": ""android"", ""source"": ""email"", ""value"": 8}"
E00537,U0086,search,2024-02-07T08:09:00Z,"{""device"": ""web"", ""source"": ""ads"", ""value"": 9}"
E00538,U0091,purchase,2024-02-07T08:26:00Z,"{""device"": ""ios"", ""source"": ""organic"", ""value"": 10}"
E00539,U0096,support_ticket,2024-02-07T08:43:00Z,"{""device"": ""android"", ""source"": ""partner"", ""value"": 0}"
E00540,U0101,view,2024-02-07T09:00:00Z,"{""device"": ""web"", ""source"": ""email"", ""value"": 1}"
E00541,U0106,click,2024-02-07T09:17:00Z,"{""device"": ""ios"", ""source"": ""ads"", ""value"": 2}"
E00542,U0111,search,2024-02-07T09:34:00Z,"{""device"": ""android"", ""source"": ""organic"", ""value"": 3}"
E00543,U0116,purchase,2024-02-07T09:51:00Z,"{""device"": ""web"", ""source"": ""partner"", ""value"": 4}"
E00544,U0121,support_ticket,2024-02-07T10:08:00Z,"{""device"": ""ios"", ""source"": ""email"", ""value"": 5}"
E00545,U0126,view,2024-02-07T10:25:00Z,"{""device"": ""android"", ""source"": ""ads"", ""value"": 6}"
E00546,U0131,click,2024-02-07T10:42:00Z,"{""device"": ""web"", ""source"": ""organic"", ""value"": 7}"
E00547,U0136,search,2024-02-07T10:59:00Z,"{""device"": ""ios"", ""source"": ""partner"", ""value"": 8}"
E00548,U0141,purchase,2024-02-07T11:16:00Z,"{""device"": ""android"", ""source"": ""email"", ""value"": 9}"
E00549,U0146,support_ticket,2024-02-07T11:33:00Z,"{""device"": ""web"", ""source"": ""ads"", ""value"": 10}"
E00550,U0151,view,2024-02-07T11:50:00Z,"{""device"": ""ios"", ""source"": ""organic"", ""value"": 0}"
E00551,U0156,click,2024-02-07T12:07:00Z,"{""device"": ""android"", ""source"": ""partner"", ""value"": 1}"
E00552,U0161,search,2024-02-07T12:24:00Z,"{""device"": ""web"", ""source"": ""email"", ""value"": 2}"
E00553,U0166,purchase,2024-02-07T12:41:00Z,"{""device"": ""ios"", ""source"": ""ads"", ""value"": 3}"
E00554,U0171,support_ticket,2024-02-07T12:58:00Z,"{""device"": ""android"", ""source"": ""organic"", ""value"": 4}"
E00555,U0176,view,2024-02-07T13:15:00Z,"{""device"": ""web"", ""source"": ""partner"", ""value"": 5}"
E00556,U0181,click,2024-02-07T13:32:00Z,"{""device"": ""ios"", ""source"": ""email"", ""value"": 6}"
E00557,U0186,search,2024-02-07T13:49:00Z,"{""device"": ""android"", ""source"": ""ads"", ""value"": 7}"
E00558,U0191,purchase,2024-02-07T14:06:00Z,"{""device"": ""web"", ""source"": ""organic"", ""value"": 8}"
E00559,U0196,support_ticket,2024-02-07T14:23:00Z,"{""device"": ""ios"", ""source"": ""partner"", ""value"": 9}"
E00560,U0001,view,2024-02-07T14:40:00Z,"{""device"": ""android"", ""source"": ""email"", ""value"": 10}"
E00561,U0006,click,2024-02-07T14:57:00Z,"{""device"": ""web"", ""source"": ""ads"", ""value"": 0}"
E00562,U0011,search,2024-02-07T15:14:00Z,"{""device"": ""ios"", ""source"": ""organic"", ""value"": 1}"
E00563,U0016,purchase,2024-02-07T15:31:00Z,"{""device"": ""android"", ""source"": ""partner"", ""value"": 2}"
E00564,U0021,support_ticket,2024-02-07T15:48:00Z,"{""device"": ""web"", ""source"": ""email"", ""value"": 3}"
E00565,U0026,view,2024-02-07T16:05:00Z,"{""device"": ""ios"", ""source"": ""ads"", ""value"": 4}"
E00566,U0031,click,2024-02-07T16:22:00Z,"{""device"": ""android"", ""source"": ""organic"", ""value"": 5}"
E00567,U0036,search,2024-02-07T16:39:00Z,"{""device"": ""web"", ""source"": ""partner"", ""value"": 6}"
E00568,U0041,purchase,2024-02-07T16:56:00Z,"{""device"": ""ios"", ""source"": ""email"", ""value"": 7}"
E00569,U0046,support_ticket,2024-02-07T17:13:00Z,"{""device"": ""android"", ""source"": ""ads"", ""value"": 8}"
E00570,U0051,view,2024-02-07T17:30:00Z,"{""device"": ""web"", ""source"": ""organic"", ""value"": 9}"
E00571,U0056,click,2024-02-07T17:47:00Z,"{""device"": ""ios"", ""source"": ""partner"", ""value"": 10}"
E00572,U0061,search,2024-02-07T18:04:00Z,"{""device"": ""android"", ""source"": ""email"", ""value"": 0}"
E00573,U0066,purchase,2024-02-07T18:21:00Z,"{""device"": ""web"", ""source"": ""ads"", ""value"": 1}"
E00574,U0071,support_ticket,2024-02-07T18:38:00Z,"{""device"": ""ios"", ""source"": ""organic"", ""value"": 2}"
E00575,U0076,view,2024-02-07T18:55:00Z,"{""device"": ""android"", ""source"": ""partner"", ""value"": 3}"
E00576,U0081,click,2024-02-07T19:12:00Z,"{""device"": ""web"", ""source"": ""email"", ""value"": 4}"
E00577,U0086,search,2024-02-07T19:29:00Z,"{""device"": ""ios"", ""source"": ""ads"", ""value"": 5}"
E00578,U0091,purchase,2024-02-07T19:46:00Z,"{""device"": ""android"", ""source"": ""organic"", ""value"": 6}"
E00579,U0096,support_ticket,2024-02-07T20:03:00Z,"{""device"": ""web"", ""source"": ""partner"", ""value"": 7}"
E00580,U0101,view,2024-02-07T20:20:00Z,"{""device"": ""ios"", ""source"": ""email"", ""value"": 8}"
E00581,U0106,click,2024-02-07T20:37:00Z,"{""device"": ""android"", ""source"": ""ads"", ""value"": 9}"
E00582,U0111,search,2024-02-07T20:54:00Z,"{""device"": ""web"", ""source"": ""organic"", ""value"": 10}"
E00583,U0116,purchase,2024-02-07T21:11:00Z,"{""device"": ""ios"", ""source"": ""partner"", ""value"": 0}"
E00584,U0121,support_ticket,2024-02-07T21:28:00Z,"{""device"": ""android"", ""source"": ""email"", ""value"": 1}"
E00585,U0126,view,2024-02-07T21:45:00Z,"{""device"": ""web"", ""source"": ""ads"", ""value"": 2}"
E00586,U0131,click,2024-02-07T22:02:00Z,"{""device"": ""ios"", ""source"": ""organic"", ""value"": 3}"
E00587,U0136,search,2024-02-07T22:19:00Z,"{""device"": ""android"", ""source"": ""partner"", ""value"": 4}"
E00588,U0141,purchase,2024-02-07T22:36:00Z,"{""device"": ""web"", ""source"": ""email"", ""value"": 5}"
E00589,U0146,support_ticket,2024-02-07T22:53:00Z,"{""device"": ""ios"", ""source"": ""ads"", ""value"": 6}"
E00590,U0151,view,2024-02-07T23:10:00Z,"{""device"": ""android"", ""source"": ""organic"", ""value"": 7}"
E00591,U0156,click,2024-02-07T23:27:00Z,"{""device"": ""web"", ""source"": ""partner"", ""value"": 8}"
E00592,U0161,search,2024-02-07T23:44:00Z,"{""device"": ""ios"", ""source"": ""email"", ""value"": 9}"
E00593,U0166,purchase,2024-02-08T00:01:00Z,"{""device"": ""android"", ""source"": ""ads"", ""value"": 10}"
E00594,U0171,support_ticket,2024-02-08T00:18:00Z,"{""device"": ""web"", ""source"": ""organic"", ""value"": 0}"
E00595,U0176,view,2024-02-08T00:35:00Z,"{""device"": ""ios"", ""source"": ""partner"", ""value"": 1}"
E00596,U0181,click,2024-02-08T00:52:00Z,"{""device"": ""android"", ""source"": ""email"", ""value"": 2}"
E00597,U0186,search,2024-02-08T01:09:00Z,"{""device"": ""web"", ""source"": ""ads"", ""value"": 3}"
E00598,U0191,purchase,2024-02-08T01:26:00Z,"{""device"": ""ios"", ""source"": ""organic"", ""value"": 4}"
E00599,U0196,support_ticket,2024-02-08T01:43:00Z,"{""device"": ""android"", ""source"": ""partner"", ""value"": 5}"
E00600,U0001,view,2024-02-08T02:00:00Z,"{""device"": ""web"", ""source"": ""email"", ""value"": 6}"
E00601,U0006,click,2024-02-08T02:17:00Z,"{""device"": ""ios"", ""source"": ""ads"", ""value"": 7}"
E00602,U0011,search,2024-02-08T02:34:00Z,"{""device"": ""android"", ""source"": ""organic"", ""value"": 8}"
E00603,U0016,purchase,2024-02-08T02:51:00Z,"{""device"": ""web"", ""source"": ""partner"", ""value"": 9}"
E00604,U0021,support_ticket,2024-02-08T03:08:00Z,"{""device"": ""ios"", ""source"": ""email"", ""value"": 10}"
E00605,U0026,view,2024-02-08T03:25:00Z,"{""device"": ""android"", ""source"": ""ads"", ""value"": 0}"
E00606,U0031,click,2024-02-08T03:42:00Z,"{""device"": ""web"", ""source"": ""organic"", ""value"": 1}"
E00607,U0036,search,2024-02-08T03:59:00Z,"{""device"": ""ios"", ""source"": ""partner"", ""value"": 2}"
E00608,U0041,purchase,2024-02-08T04:16:00Z,"{""device"": ""android"", ""source"": ""email"", ""value"": 3}"
E00609,U0046,support_ticket,2024-02-08T04:33:00Z,"{""device"": ""web"", ""source"": ""ads"", ""value"": 4}"
E00610,U0051,view,2024-02-08T04:50:00Z,"{""device"": ""ios"", ""source"": ""organic"", ""value"": 5}"
E00611,U0056,click,2024-02-08T05:07:00Z,"{""device"": ""android"", ""source"": ""partner"", ""value"": 6}"
E00612,U0061,search,2024-02-08T05:24:00Z,"{""device"": ""web"", ""source"": ""email"", ""value"": 7}"
E00613,U0066,purchase,2024-02-08T05:41:00Z,"{""device"": ""ios"", ""source"": ""ads"", ""value"": 8}"
E00614,U0071,support_ticket,2024-02-08T05:58:00Z,"{""device"": ""android"", ""source"": ""organic"", ""value"": 9}"
E00615,U0076,view,2024-02-08T06:15:00Z,"{""device"": ""web"", ""source"": ""partner"", ""value"": 10}"
E00616,U0081,click,2024-02-08T06:32:00Z,"{""device"": ""ios"", ""source"": ""email"", ""value"": 0}"
E00617,U0086,search,2024-02-08T06:49:00Z,"{""device"": ""android"", ""source"": ""ads"", ""value"": 1}"
E00618,U0091,purchase,2024-02-08T07:06:00Z,"{""device"": ""web"", ""source"": ""organic"", ""value"": 2}"
E00619,U0096,support_ticket,2024-02-08T07:23:00Z,"{""device"": ""ios"", ""source"": ""partner"", ""value"": 3}"
E00620,U0101,view,2024-02-08T07:40:00Z,"{""device"": ""android"", ""source"": ""email"", ""value"": 4}"
E00621,U0106,click,2024-02-08T07:57:00Z,"{""device"": ""web"", ""source"": ""ads"", ""value"": 5}"
E00622,U0111,search,2024-02-08T08:14:00Z,"{""device"": ""ios"", ""source"": ""organic"", ""value"": 6}"
E00623,U0116,purchase,2024-02-08T08:31:00Z,"{""device"": ""android"", ""source"": ""partner"", ""value"": 7}"
E00624,U0121,support_ticket,2024-02-08T08:48:00Z,"{""device"": ""web"", ""source"": ""email"", ""value"": 8}"
E00625,U0126,view,2024-02-08T09:05:00Z,"{""device"": ""ios"", ""source"": ""ads"", ""value"": 9}"
E00626,U0131,click,2024-02-08T09:22:00Z,"{""device"": ""android"", ""source"": ""organic"", ""value"": 10}"
E00627,U0136,search,2024-02-08T09:39:00Z,"{""device"": ""web"", ""source"": ""partner"", ""value"": 0}"
E00628,U0141,purchase,2024-02-08T09:56:00Z,"{""device"": ""ios"", ""source"": ""email"", ""value"": 1}"
E00629,U0146,support_ticket,2024-02-08T10:13:00Z,"{""device"": ""android"", ""source"": ""ads"", ""value"": 2}"
E00630,U0151,view,2024-02-08T10:30:00Z,"{""device"": ""web"", ""source"": ""organic"", ""value"": 3}"
E00631,U0156,click,2024-02-08T10:47:00Z,"{""device"": ""ios"", ""source"": ""partner"", ""value"": 4}"
E00632,U0161,search,2024-02-08T11:04:00Z,"{""device"": ""android"", ""source"": ""email"", ""value"": 5}"
E00633,U0166,purchase,2024-02-08T11:21:00Z,"{""device"": ""web"", ""source"": ""ads"", ""value"": 6}"
E00634,U0171,support_ticket,2024-02-08T11:38:00Z,"{""device"": ""ios"", ""source"": ""organic"", ""value"": 7}"
E00635,U0176,view,2024-02-08T11:55:00Z,"{""device"": ""android"", ""source"": ""partner"", ""value"": 8}"
E00636,U0181,click,2024-02-08T12:12:00Z,"{""device"": ""web"", ""source"": ""email"", ""value"": 9}"
E00637,U0186,search,2024-02-08T12:29:00Z,"{""device"": ""ios"", ""source"": ""ads"", ""value"": 10}"
E00638,U0191,purchase,2024-02-08T12:46:00Z,"{""device"": ""android"", ""source"": ""organic"", ""value"": 0}"
E00639,U0196,support_ticket,2024-02-08T13:03:00Z,"{""device"": ""web"", ""source"": ""partner"", ""value"": 1}"
E00640,U0001,view,2024-02-08T13:20:00Z,"{""device"": ""ios"", ""source"": ""email"", ""value"": 2}"
E00641,U0006,click,2024-02-08T13:37:00Z,"{""device"": ""android"", ""source"": ""ads"", ""value"": 3}"
E00642,U0011,search,2024-02-08T13:54:00Z,"{""device"": ""web"", ""source"": ""organic"", ""value"": 4}"
E00643,U0016,purchase,2024-02-08T14:11:00Z,"{""device"": ""ios"", ""source"": ""partner"", ""value"": 5}"
E00644,U0021,support_ticket,2024-02-08T14:28:00Z,"{""device"": ""android"", ""source"": ""email"", ""value"": 6}"
E00645,U0026,view,2024-02-08T14:45:00Z,"{""device"": ""web"", ""source"": ""ads"", ""value"": 7}"
E00646,U0031,click,2024-02-08T15:02:00Z,"{""device"": ""ios"", ""source"": ""organic"", ""value"": 8}"
E00647,U0036,search,2024-02-08T15:19:00Z,"{""device"": ""android"", ""source"": ""partner"", ""value"": 9}"
E00648,U0041,purchase,2024-02-08T15:36:00Z,"{""device"": ""web"", ""source"": ""email"", ""value"": 10}"
E00649,U0046,support_ticket,2024-02-08T15:53:00Z,"{""device"": ""ios"", ""source"": ""ads"", ""value"": 0}"
E00650,U0051,view,2024-02-08T16:10:00Z,"{""device"": ""android"", ""source"": ""organic"", ""value"": 1}"
E00651,U0056,click,2024-02-08T16:27:00Z,"{""device"": ""web"", ""source"": ""partner"", ""value"": 2}"
E00652,U0061,search,2024-02-08T16:44:00Z,"{""device"": ""ios"", ""source"": ""email"", ""value"": 3}"
E00653,U0066,purchase,2024-02-08T17:01:00Z,"{""device"": ""android"", ""source"": ""ads"", ""value"": 4}"
E00654,U0071,support_ticket,2024-02-08T17:18:00Z,"{""device"": ""web"", ""source"": ""organic"", ""value"": 5}"
E00655,U0076,view,2024-02-08T17:35:00Z,"{""device"": ""ios"", ""source"": ""partner"", ""value"": 6}"
E00656,U0081,click,2024-02-08T17:52:00Z,"{""device"": ""android"", ""source"": ""email"", ""value"": 7}"
E00657,U0086,search,2024-02-08T18:09:00Z,"{""device"": ""web"", ""source"": ""ads"", ""value"": 8}"
E00658,U0091,purchase,2024-02-08T18:26:00Z,"{""device"": ""ios"", ""source"": ""organic"", ""value"": 9}"
E00659,U0096,support_ticket,2024-02-08T18:43:00Z,"{""device"": ""android"", ""source"": ""partner"", ""value"": 10}"
E00660,U0101,view,2024-02-08T19:00:00Z,"{""device"": ""web"", ""source"": ""email"", ""value"": 0}"
E00661,U0106,click,2024-02-08T19:17:00Z,"{""device"": ""ios"", ""source"": ""ads"", ""value"": 1}"
E00662,U0111,search,2024-02-08T19:34:00Z,"{""device"": ""android"", ""source"": ""organic"", ""value"": 2}"
E00663,U0116,purchase,2024-02-08T19:51:00Z,"{""device"": ""web"", ""source"": ""partner"", ""value"": 3}"
E00664,U0121,support_ticket,2024-02-08T20:08:00Z,"{""device"": ""ios"", ""source"": ""email"", ""value"": 4}"
E00665,U0126,view,2024-02-08T20:25:00Z,"{""device"": ""android"", ""source"": ""ads"", ""value"": 5}"
E00666,U0131,click,2024-02-08T20:42:00Z,"{""device"": ""web"", ""source"": ""organic"", ""value"": 6}"
E00667,U0136,search,2024-02-08T20:59:00Z,"{""device"": ""ios"", ""source"": ""partner"", ""value"": 7}"
E00668,U0141,purchase,2024-02-08T21:16:00Z,"{""device"": ""android"", ""source"": ""email"", ""value"": 8}"
E00669,U0146,support_ticket,2024-02-08T21:33:00Z,"{""device"": ""web"", ""source"": ""ads"", ""value"": 9}"
E00670,U0151,view,2024-02-08T21:50:00Z,"{""device"": ""ios"", ""source"": ""organic"", ""value"": 10}"
E00671,U0156,click,2024-02-08T22:07:00Z,"{""device"": ""android"", ""source"": ""partner"", ""value"": 0}"
E00672,U0161,search,2024-02-08T22:24:00Z,"{""device"": ""web"", ""source"": ""email"", ""value"": 1}"
E00673,U0166,purchase,2024-02-08T22:41:00Z,"{""device"": ""ios"", ""source"": ""ads"", ""value"": 2}"
E00674,U0171,support_ticket,2024-02-08T22:58:00Z,"{""device"": ""android"", ""source"": ""organic"", ""value"": 3}"
E00675,U0176,view,2024-02-08T23:15:00Z,"{""device"": ""web"", ""source"": ""partner"", ""value"": 4}"
E00676,U0181,click,2024-02-08T23:32:00Z,"{""device"": ""ios"", ""source"": ""email"", ""value"": 5}"
E00677,U0186,search,2024-02-08T23:49:00Z,"{""device"": ""android"", ""source"": ""ads"", ""value"": 6}"
E00678,U0191,purchase,2024-02-09T00:06:00Z,"{""device"": ""web"", ""source"": ""organic"", ""value"": 7}"
E00679,U0196,support_ticket,2024-02-09T00:23:00Z,"{""device"": ""ios"", ""source"": ""partner"", ""value"": 8}"
E00680,U0001,view,2024-02-09T00:40:00Z,"{""device"": ""android"", ""source"": ""email"", ""value"": 9}"
E00681,U0006,click,2024-02-09T00:57:00Z,"{""device"": ""web"", ""source"": ""ads"", ""value"": 10}"
E00682,U0011,search,2024-02-09T01:14:00Z,"{""device"": ""ios"", ""source"": ""organic"", ""value"": 0}"
E00683,U0016,purchase,2024-02-09T01:31:00Z,"{""device"": ""android"", ""source"": ""partner"", ""value"": 1}"
E00684,U0021,support_ticket,2024-02-09T01:48:00Z,"{""device"": ""web"", ""source"": ""email"", ""value"": 2}"
E00685,U0026,view,2024-02-09T02:05:00Z,"{""device"": ""ios"", ""source"": ""ads"", ""value"": 3}"
E00686,U0031,click,2024-02-09T02:22:00Z,"{""device"": ""android"", ""source"": ""organic"", ""value"": 4}"
E00687,U0036,search,2024-02-09T02:39:00Z,"{""device"": ""web"", ""source"": ""partner"", ""value"": 5}"
E00688,U0041,purchase,2024-02-09T02:56:00Z,"{""device"": ""ios"", ""source"": ""email"", ""value"": 6}"
E00689,U0046,support_ticket,2024-02-09T03:13:00Z,"{""device"": ""android"", ""source"": ""ads"", ""value"": 7}"
E00690,U0051,view,2024-02-09T03:30:00Z,"{""device"": ""web"", ""source"": ""organic"", ""value"": 8}"
E00691,U0056,click,2024-02-09T03:47:00Z,"{""device"": ""ios"", ""source"": ""partner"", ""value"": 9}"
E00692,U0061,search,2024-02-09T04:04:00Z,"{""device"": ""android"", ""source"": ""email"", ""value"": 10}"
E00693,U0066,purchase,2024-02-09T04:21:00Z,"{""device"": ""web"", ""source"": ""ads"", ""value"": 0}"
E00694,U0071,support_ticket,2024-02-09T04:38:00Z,"{""device"": ""ios"", ""source"": ""organic"", ""value"": 1}"
E00695,U0076,view,2024-02-09T04:55:00Z,"{""device"": ""android"", ""source"": ""partner"", ""value"": 2}"
E00696,U0081,click,2024-02-09T05:12:00Z,"{""device"": ""web"", ""source"": ""email"", ""value"": 3}"
E00697,U0086,search,2024-02-09T05:29:00Z,"{""device"": ""ios"", ""source"": ""ads"", ""value"": 4}"
E00698,U0091,purchase,2024-02-09T05:46:00Z,"{""device"": ""android"", ""source"": ""organic"", ""value"": 5}"
E00699,U0096,support_ticket,2024-02-09T06:03:00Z,"{""device"": ""web"", ""source"": ""partner"", ""value"": 6}"
E00700,U0101,view,2024-02-09T06:20:00Z,"{""device"": ""ios"", ""source"": ""email"", ""value"": 7}"
E00701,U0106,click,2024-02-09T06:37:00Z,"{""device"": ""android"", ""source"": ""ads"", ""value"": 8}"
E00702,U0111,search,2024-02-09T06:54:00Z,"{""device"": ""web"", ""source"": ""organic"", ""value"": 9}"
E00703,U0116,purchase,2024-02-09T07:11:00Z,"{""device"": ""ios"", ""source"": ""partner"", ""value"": 10}"
E00704,U0121,support_ticket,2024-02-09T07:28:00Z,"{""device"": ""android"", ""source"": ""email"", ""value"": 0}"
E00705,U0126,view,2024-02-09T07:45:00Z,"{""device"": ""web"", ""source"": ""ads"", ""value"": 1}"
E00706,U0131,click,2024-02-09T08:02:00Z,"{""device"": ""ios"", ""source"": ""organic"", ""value"": 2}"
E00707,U0136,search,2024-02-09T08:19:00Z,"{""device"": ""android"", ""source"": ""partner"", ""value"": 3}"
E00708,U0141,purchase,2024-02-09T08:36:00Z,"{""device"": ""web"", ""source"": ""email"", ""value"": 4}"
E00709,U0146,support_ticket,2024-02-09T08:53:00Z,"{""device"": ""ios"", ""source"": ""ads"", ""value"": 5}"
E00710,U0151,view,2024-02-09T09:10:00Z,"{""device"": ""android"", ""source"": ""organic"", ""value"": 6}"
E00711,U0156,click,2024-02-09T09:27:00Z,"{""device"": ""web"", ""source"": ""partner"", ""value"": 7}"
E00712,U0161,search,2024-02-09T09:44:00Z,"{""device"": ""ios"", ""source"": ""email"", ""value"": 8}"
E00713,U0166,purchase,2024-02-09T10:01:00Z,"{""device"": ""android"", ""source"": ""ads"", ""value"": 9}"
E00714,U0171,support_ticket,2024-02-09T10:18:00Z,"{""device"": ""web"", ""source"": ""organic"", ""value"": 10}"
E00715,U0176,view,2024-02-09T10:35:00Z,"{""device"": ""ios"", ""source"": ""partner"", ""value"": 0}"
E00716,U0181,click,2024-02-09T10:52:00Z,"{""device"": ""android"", ""source"": ""email"", ""value"": 1}"
E00717,U0186,search,2024-02-09T11:09:00Z,"{""device"": ""web"", ""source"": ""ads"", ""value"": 2}"
E00718,U0191,purchase,2024-02-09T11:26:00Z,"{""device"": ""ios"", ""source"": ""organic"", ""value"": 3}"
E00719,U0196,support_ticket,2024-02-09T11:43:00Z,"{""device"": ""android"", ""source"": ""partner"", ""value"": 4}"
E00720,U0001,view,2024-02-09T12:00:00Z,"{""device"": ""web"", ""source"": ""email"", ""value"": 5}"
E00721,U0006,click,2024-02-09T12:17:00Z,"{""device"": ""ios"", ""source"": ""ads"", ""value"": 6}"
E00722,U0011,search,2024-02-09T12:34:00Z,"{""device"": ""android"", ""source"": ""organic"", ""value"": 7}"
E00723,U0016,purchase,2024-02-09T12:51:00Z,"{""device"": ""web"", ""source"": ""partner"", ""value"": 8}"
E00724,U0021,support_ticket,2024-02-09T13:08:00Z,"{""device"": ""ios"", ""source"": ""email"", ""value"": 9}"
E00725,U0026,view,2024-02-09T13:25:00Z,"{""device"": ""android"", ""source"": ""ads"", ""value"": 10}"
E00726,U0031,click,2024-02-09T13:42:00Z,"{""device"": ""web"", ""source"": ""organic"", ""value"": 0}"
E00727,U0036,search,2024-02-09T13:59:00Z,"{""device"": ""ios"", ""source"": ""partner"", ""value"": 1}"
E00728,U0041,purchase,2024-02-09T14:16:00Z,"{""device"": ""android"", ""source"": ""email"", ""value"": 2}"
E00729,U0046,support_ticket,2024-02-09T14:33:00Z,"{""device"": ""web"", ""source"": ""ads"", ""value"": 3}"
E00730,U0051,view,2024-02-09T14:50:00Z,"{""device"": ""ios"", ""source"": ""organic"", ""value"": 4}"
E00731,U0056,click,2024-02-09T15:07:00Z,"{""device"": ""android"", ""source"": ""partner"", ""value"": 5}"
E00732,U0061,search,2024-02-09T15:24:00Z,"{""device"": ""web"", ""source"": ""email"", ""value"": 6}"
E00733,U0066,purchase,2024-02-09T15:41:00Z,"{""device"": ""ios"", ""source"": ""ads"", ""value"": 7}"
E00734,U0071,support_ticket,2024-02-09T15:58:00Z,"{""device"": ""android"", ""source"": ""organic"", ""value"": 8}"
E00735,U0076,view,2024-02-09T16:15:00Z,"{""device"": ""web"", ""source"": ""partner"", ""value"": 9}"
E00736,U0081,click,2024-02-09T16:32:00Z,"{""device"": ""ios"", ""source"": ""email"", ""value"": 10}"
E00737,U0086,search,2024-02-09T16:49:00Z,"{""device"": ""android"", ""source"": ""ads"", ""value"": 0}"
E00738,U0091,purchase,2024-02-09T17:06:00Z,"{""device"": ""web"", ""source"": ""organic"", ""value"": 1}"
E00739,U0096,support_ticket,2024-02-09T17:23:00Z,"{""device"": ""ios"", ""source"": ""partner"", ""value"": 2}"
E00740,U0101,view,2024-02-09T17:40:00Z,"{""device"": ""android"", ""source"": ""email"", ""value"": 3}"
E00741,U0106,click,2024-02-09T17:57:00Z,"{""device"": ""web"", ""source"": ""ads"", ""value"": 4}"
E00742,U0111,search,2024-02-09T18:14:00Z,"{""device"": ""ios"", ""source"": ""organic"", ""value"": 5}"
E00743,U0116,purchase,2024-02-09T18:31:00Z,"{""device"": ""android"", ""source"": ""partner"", ""value"": 6}"
E00744,U0121,support_ticket,2024-02-09T18:48:00Z,"{""device"": ""web"", ""source"": ""email"", ""value"": 7}"
E00745,U0126,view,2024-02-09T19:05:00Z,"{""device"": ""ios"", ""source"": ""ads"", ""value"": 8}"
E00746,U0131,click,2024-02-09T19:22:00Z,"{""device"": ""android"", ""source"": ""organic"", ""value"": 9}"
E00747,U0136,search,2024-02-09T19:39:00Z,"{""device"": ""web"", ""source"": ""partner"", ""value"": 10}"
E00748,U0141,purchase,2024-02-09T19:56:00Z,"{""device"": ""ios"", ""source"": ""email"", ""value"": 0}"
E00749,U0146,support_ticket,2024-02-09T20:13:00Z,"{""device"": ""android"", ""source"": ""ads"", ""value"": 1}"
E00750,U0151,view,2024-02-09T20:30:00Z,"{""device"": ""web"", ""source"": ""organic"", ""value"": 2}"
E00751,U0156,click,2024-02-09T20:47:00Z,"{""device"": ""ios"", ""source"": ""partner"", ""value"": 3}"
E00752,U0161,search,2024-02-09T21:04:00Z,"{""device"": ""android"", ""source"": ""email"", ""value"": 4}"
E00753,U0166,purchase,2024-02-09T21:21:00Z,"{""device"": ""web"", ""source"": ""ads"", ""value"": 5}"
E00754,U0171,support_ticket,2024-02-09T21:38:00Z,"{""device"": ""ios"", ""source"": ""organic"", ""value"": 6}"
E00755,U0176,view,2024-02-09T21:55:00Z,"{""device"": ""android"", ""source"": ""partner"", ""value"": 7}"
E00756,U0181,click,2024-02-09T22:12:00Z,"{""device"": ""web"", ""source"": ""email"", ""value"": 8}"
E00757,U0186,search,2024-02-09T22:29:00Z,"{""device"": ""ios"", ""source"": ""ads"", ""value"": 9}"
E00758,U0191,purchase,2024-02-09T22:46:00Z,"{""device"": ""android"", ""source"": ""organic"", ""value"": 10}"
E00759,U0196,support_ticket,2024-02-09T23:03:00Z,"{""device"": ""web"", ""source"": ""partner"", ""value"": 0}"
E00760,U0001,view,2024-02-09T23:20:00Z,"{""device"": ""ios"", ""source"": ""email"", ""value"": 1}"
E00761,U0006,click,2024-02-09T23:37:00Z,"{""device"": ""android"", ""source"": ""ads"", ""value"": 2}"
E00762,U0011,search,2024-02-09T23:54:00Z,"{""device"": ""web"", ""source"": ""organic"", ""value"": 3}"
E00763,U0016,purchase,2024-02-10T00:11:00Z,"{""device"": ""ios"", ""source"": ""partner"", ""value"": 4}"
E00764,U0021,support_ticket,2024-02-10T00:28:00Z,"{""device"": ""android"", ""source"": ""email"", ""value"": 5}"
E00765,U0026,view,2024-02-10T00:45:00Z,"{""device"": ""web"", ""source"": ""ads"", ""value"": 6}"
E00766,U0031,click,2024-02-10T01:02:00Z,"{""device"": ""ios"", ""source"": ""organic"", ""value"": 7}"
E00767,U0036,search,2024-02-10T01:19:00Z,"{""device"": ""android"", ""source"": ""partner"", ""value"": 8}"
E00768,U0041,purchase,2024-02-10T01:36:00Z,"{""device"": ""web"", ""source"": ""email"", ""value"": 9}"
E00769,U0046,support_ticket,2024-02-10T01:53:00Z,"{""device"": ""ios"", ""source"": ""ads"", ""value"": 10}"
E00770,U0051,view,2024-02-10T02:10:00Z,"{""device"": ""android"", ""source"": ""organic"", ""value"": 0}"
E00771,U0056,click,2024-02-10T02:27:00Z,"{""device"": ""web"", ""source"": ""partner"", ""value"": 1}"
E00772,U0061,search,2024-02-10T02:44:00Z,"{""device"": ""ios"", ""source"": ""email"", ""value"": 2}"
E00773,U0066,purchase,2024-02-10T03:01:00Z,"{""device"": ""android"", ""source"": ""ads"", ""value"": 3}"
E00774,U0071,support_ticket,2024-02-10T03:18:00Z,"{""device"": ""web"", ""source"": ""organic"", ""value"": 4}"
E00775,U0076,view,2024-02-10T03:35:00Z,"{""device"": ""ios"", ""source"": ""partner"", ""value"": 5}"
E00776,U0081,click,2024-02-10T03:52:00Z,"{""device"": ""android"", ""source"": ""email"", ""value"": 6}"
E00777,U0086,search,2024-02-10T04:09:00Z,"{""device"": ""web"", ""source"": ""ads"", ""value"": 7}"
E00778,U0091,purchase,2024-02-10T04:26:00Z,"{""device"": ""ios"", ""source"": ""organic"", ""value"": 8}"
E00779,U0096,support_ticket,2024-02-10T04:43:00Z,"{""device"": ""android"", ""source"": ""partner"", ""value"": 9}"
E00780,U0101,view,2024-02-10T05:00:00Z,"{""device"": ""web"", ""source"": ""email"", ""value"": 10}"
E00781,U0106,click,2024-02-10T05:17:00Z,"{""device"": ""ios"", ""source"": ""ads"", ""value"": 0}"
E00782,U0111,search,2024-02-10T05:34:00Z,"{""device"": ""android"", ""source"": ""organic"", ""value"": 1}"
E00783,U0116,purchase,2024-02-10T05:51:00Z,"{""device"": ""web"", ""source"": ""partner"", ""value"": 2}"
E00784,U0121,support_ticket,2024-02-10T06:08:00Z,"{""device"": ""ios"", ""source"": ""email"", ""value"": 3}"
E00785,U0126,view,2024-02-10T06:25:00Z,"{""device"": ""android"", ""source"": ""ads"", ""value"": 4}"
E00786,U0131,click,2024-02-10T06:42:00Z,"{""device"": ""web"", ""source"": ""organic"", ""value"": 5}"
E00787,U0136,search,2024-02-10T06:59:00Z,"{""device"": ""ios"", ""source"": ""partner"", ""value"": 6}"
E00788,U0141,purchase,2024-02-10T07:16:00Z,"{""device"": ""android"", ""source"": ""email"", ""value"": 7}"
E00789,U0146,support_ticket,2024-02-10T07:33:00Z,"{""device"": ""web"", ""source"": ""ads"", ""value"": 8}"
E00790,U0151,view,2024-02-10T07:50:00Z,"{""device"": ""ios"", ""source"": ""organic"", ""value"": 9}"
E00791,U0156,click,2024-02-10T08:07:00Z,"{""device"": ""android"", ""source"": ""partner"", ""value"": 10}"
E00792,U0161,search,2024-02-10T08:24:00Z,"{""device"": ""web"", ""source"": ""email"", ""value"": 0}"
E00793,U0166,purchase,2024-02-10T08:41:00Z,"{""device"": ""ios"", ""source"": ""ads"", ""value"": 1}"
E00794,U0171,support_ticket,2024-02-10T08:58:00Z,"{""device"": ""android"", ""source"": ""organic"", ""value"": 2}"
E00795,U0176,view,2024-02-10T09:15:00Z,"{""device"": ""web"", ""source"": ""partner"", ""value"": 3}"
E00796,U0181,click,2024-02-10T09:32:00Z,"{""device"": ""ios"", ""source"": ""email"", ""value"": 4}"
E00797,U0186,search,2024-02-10T09:49:00Z,"{""device"": ""android"", ""source"": ""ads"", ""value"": 5}"
E00798,U0191,purchase,2024-02-10T10:06:00Z,"{""device"": ""web"", ""source"": ""organic"", ""value"": 6}"
E00799,U0196,support_ticket,2024-02-10T10:23:00Z,"{""device"": ""ios"", ""source"": ""partner"", ""value"": 7}"
E00800,U0001,view,2024-02-10T10:40:00Z,"{""device"": ""android"", ""source"": ""email"", ""value"": 8}"
E00801,U0006,click,2024-02-10T10:57:00Z,"{""device"": ""web"", ""source"": ""ads"", ""value"": 9}"
E00802,U0011,search,2024-02-10T11:14:00Z,"{""device"": ""ios"", ""source"": ""organic"", ""value"": 10}"
E00803,U0016,purchase,2024-02-10T11:31:00Z,"{""device"": ""android"", ""source"": ""partner"", ""value"": 0}"
E00804,U0021,support_ticket,2024-02-10T11:48:00Z,"{""device"": ""web"", ""source"": ""email"", ""value"": 1}"
E00805,U0026,view,2024-02-10T12:05:00Z,"{""device"": ""ios"", ""source"": ""ads"", ""value"": 2}"
E00806,U0031,click,2024-02-10T12:22:00Z,"{""device"": ""android"", ""source"": ""organic"", ""value"": 3}"
E00807,U0036,search,2024-02-10T12:39:00Z,"{""device"": ""web"", ""source"": ""partner"", ""value"": 4}"
E00808,U0041,purchase,2024-02-10T12:56:00Z,"{""device"": ""ios"", ""source"": ""email"", ""value"": 5}"
E00809,U0046,support_ticket,2024-02-10T13:13:00Z,"{""device"": ""android"", ""source"": ""ads"", ""value"": 6}"
E00810,U0051,view,2024-02-10T13:30:00Z,"{""device"": ""web"", ""source"": ""organic"", ""value"": 7}"
E00811,U0056,click,2024-02-10T13:47:00Z,"{""device"": ""ios"", ""source"": ""partner"", ""value"": 8}"
E00812,U0061,search,2024-02-10T14:04:00Z,"{""device"": ""android"", ""source"": ""email"", ""value"": 9}"
E00813,U0066,purchase,2024-02-10T14:21:00Z,"{""device"": ""web"", ""source"": ""ads"", ""value"": 10}"
E00814,U0071,support_ticket,2024-02-10T14:38:00Z,"{""device"": ""ios"", ""source"": ""organic"", ""value"": 0}"
E00815,U0076,view,2024-02-10T14:55:00Z,"{""device"": ""android"", ""source"": ""partner"", ""value"": 1}"
E00816,U0081,click,2024-02-10T15:12:00Z,"{""device"": ""web"", ""source"": ""email"", ""value"": 2}"
E00817,U0086,search,2024-02-10T15:29:00Z,"{""device"": ""ios"", ""source"": ""ads"", ""value"": 3}"
E00818,U0091,purchase,2024-02-10T15:46:00Z,"{""device"": ""android"", ""source"": ""organic"", ""value"": 4}"
E00819,U0096,support_ticket,2024-02-10T16:03:00Z,"{""device"": ""web"", ""source"": ""partner"", ""value"": 5}"
E00820,U0101,view,2024-02-10T16:20:00Z,"{""device"": ""ios"", ""source"": ""email"", ""value"": 6}"
E00821,U0106,click,2024-02-10T16:37:00Z,"{""device"": ""android"", ""source"": ""ads"", ""value"": 7}"
E00822,U0111,search,2024-02-10T16:54:00Z,"{""device"": ""web"", ""source"": ""organic"", ""value"": 8}"
E00823,U0116,purchase,2024-02-10T17:11:00Z,"{""device"": ""ios"", ""source"": ""partner"", ""value"": 9}"
E00824,U0121,support_ticket,2024-02-10T17:28:00Z,"{""device"": ""android"", ""source"": ""email"", ""value"": 10}"
E00825,U0126,view,2024-02-10T17:45:00Z,"{""device"": ""web"", ""source"": ""ads"", ""value"": 0}"
E00826,U0131,click,2024-02-10T18:02:00Z,"{""device"": ""ios"", ""source"": ""organic"", ""value"": 1}"
E00827,U0136,search,2024-02-10T18:19:00Z,"{""device"": ""android"", ""source"": ""partner"", ""value"": 2}"
E00828,U0141,purchase,2024-02-10T18:36:00Z,"{""device"": ""web"", ""source"": ""email"", ""value"": 3}"
E00829,U0146,support_ticket,2024-02-10T18:53:00Z,"{""device"": ""ios"", ""source"": ""ads"", ""value"": 4}"
E00830,U0151,view,2024-02-10T19:10:00Z,"{""device"": ""android"", ""source"": ""organic"", ""value"": 5}"
E00831,U0156,click,2024-02-10T19:27:00Z,"{""device"": ""web"", ""source"": ""partner"", ""value"": 6}"
E00832,U0161,search,2024-02-10T19:44:00Z,"{""device"": ""ios"", ""source"": ""email"", ""value"": 7}"
E00833,U0166,purchase,2024-02-10T20:01:00Z,"{""device"": ""android"", ""source"": ""ads"", ""value"": 8}"
E00834,U0171,support_ticket,2024-02-10T20:18:00Z,"{""device"": ""web"", ""source"": ""organic"", ""value"": 9}"
E00835,U0176,view,2024-02-10T20:35:00Z,"{""device"": ""ios"", ""source"": ""partner"", ""value"": 10}"
E00836,U0181,click,2024-02-10T20:52:00Z,"{""device"": ""android"", ""source"": ""email"", ""value"": 0}"
E00837,U0186,search,2024-02-10T21:09:00Z,"{""device"": ""web"", ""source"": ""ads"", ""value"": 1}"
E00838,U0191,purchase,2024-02-10T21:26:00Z,"{""device"": ""ios"", ""source"": ""organic"", ""value"": 2}"
E00839,U0196,support_ticket,2024-02-10T21:43:00Z,"{""device"": ""android"", ""source"": ""partner"", ""value"": 3}"
E00840,U0001,view,2024-02-10T22:00:00Z,"{""device"": ""web"", ""source"": ""email"", ""value"": 4}"
E00841,U0006,click,2024-02-10T22:17:00Z,"{""device"": ""ios"", ""source"": ""ads"", ""value"": 5}"
E00842,U0011,search,2024-02-10T22:34:00Z,"{""device"": ""android"", ""source"": ""organic"", ""value"": 6}"
E00843,U0016,purchase,2024-02-10T22:51:00Z,"{""device"": ""web"", ""source"": ""partner"", ""value"": 7}"
E00844,U0021,support_ticket,2024-02-10T23:08:00Z,"{""device"": ""ios"", ""source"": ""email"", ""value"": 8}"
E00845,U0026,view,2024-02-10T23:25:00Z,"{""device"": ""android"", ""source"": ""ads"", ""value"": 9}"
E00846,U0031,click,2024-02-10T23:42:00Z,"{""device"": ""web"", ""source"": ""organic"", ""value"": 10}"
E00847,U0036,search,2024-02-10T23:59:00Z,"{""device"": ""ios"", ""source"": ""partner"", ""value"": 0}"
E00848,U0041,purchase,2024-02-11T00:16:00Z,"{""device"": ""android"", ""source"": ""email"", ""value"": 1}"
E00849,U0046,support_ticket,2024-02-11T00:33:00Z,"{""device"": ""web"", ""source"": ""ads"", ""value"": 2}"
E00850,U0051,view,2024-02-11T00:50:00Z,"{""device"": ""ios"", ""source"": ""organic"", ""value"": 3}"
E00851,U0056,click,2024-02-11T01:07:00Z,"{""device"": ""android"", ""source"": ""partner"", ""value"": 4}"
E00852,U0061,search,2024-02-11T01:24:00Z,"{""device"": ""web"", ""source"": ""email"", ""value"": 5}"
E00853,U0066,purchase,2024-02-11T01:41:00Z,"{""device"": ""ios"", ""source"": ""ads"", ""value"": 6}"
E00854,U0071,support_ticket,2024-02-11T01:58:00Z,"{""device"": ""android"", ""source"": ""organic"", ""value"": 7}"
E00855,U0076,view,2024-02-11T02:15:00Z,"{""device"": ""web"", ""source"": ""partner"", ""value"": 8}"
E00856,U0081,click,2024-02-11T02:32:00Z,"{""device"": ""ios"", ""source"": ""email"", ""value"": 9}"
E00857,U0086,search,2024-02-11T02:49:00Z,"{""device"": ""android"", ""source"": ""ads"", ""value"": 10}"
E00858,U0091,purchase,2024-02-11T03:06:00Z,"{""device"": ""web"", ""source"": ""organic"", ""value"": 0}"
E00859,U0096,support_ticket,2024-02-11T03:23:00Z,"{""device"": ""ios"", ""source"": ""partner"", ""value"": 1}"
E00860,U0101,view,2024-02-11T03:40:00Z,"{""device"": ""android"", ""source"": ""email"", ""value"": 2}"
E00861,U0106,click,2024-02-11T03:57:00Z,"{""device"": ""web"", ""source"": ""ads"", ""value"": 3}"
E00862,U0111,search,2024-02-11T04:14:00Z,"{""device"": ""ios"", ""source"": ""organic"", ""value"": 4}"
E00863,U0116,purchase,2024-02-11T04:31:00Z,"{""device"": ""android"", ""source"": ""partner"", ""value"": 5}"
E00864,U0121,support_ticket,2024-02-11T04:48:00Z,"{""device"": ""web"", ""source"": ""email"", ""value"": 6}"
E00865,U0126,view,2024-02-11T05:05:00Z,"{""device"": ""ios"", ""source"": ""ads"", ""value"": 7}"
E00866,U0131,click,2024-02-11T05:22:00Z,"{""device"": ""android"", ""source"": ""organic"", ""value"": 8}"
E00867,U0136,search,2024-02-11T05:39:00Z,"{""device"": ""web"", ""source"": ""partner"", ""value"": 9}"
E00868,U0141,purchase,2024-02-11T05:56:00Z,"{""device"": ""ios"", ""source"": ""email"", ""value"": 10}"
E00869,U0146,support_ticket,2024-02-11T06:13:00Z,"{""device"": ""android"", ""source"": ""ads"", ""value"": 0}"
E00870,U0151,view,2024-02-11T06:30:00Z,"{""device"": ""web"", ""source"": ""organic"", ""value"": 1}"
E00871,U0156,click,2024-02-11T06:47:00Z,"{""device"": ""ios"", ""source"": ""partner"", ""value"": 2}"
E00872,U0161,search,2024-02-11T07:04:00Z,"{""device"": ""android"", ""source"": ""email"", ""value"": 3}"
E00873,U0166,purchase,2024-02-11T07:21:00Z,"{""device"": ""web"", ""source"": ""ads"", ""value"": 4}"
E00874,U0171,support_ticket,2024-02-11T07:38:00Z,"{""device"": ""ios"", ""source"": ""organic"", ""value"": 5}"
E00875,U0176,view,2024-02-11T07:55:00Z,"{""device"": ""android"", ""source"": ""partner"", ""value"": 6}"
E00876,U0181,click,2024-02-11T08:12:00Z,"{""device"": ""web"", ""source"": ""email"", ""value"": 7}"
E00877,U0186,search,2024-02-11T08:29:00Z,"{""device"": ""ios"", ""source"": ""ads"", ""value"": 8}"
E00878,U0191,purchase,2024-02-11T08:46:00Z,"{""device"": ""android"", ""source"": ""organic"", ""value"": 9}"
E00879,U0196,support_ticket,2024-02-11T09:03:00Z,"{""device"": ""web"", ""source"": ""partner"", ""value"": 10}"
E00880,U0001,view,2024-02-11T09:20:00Z,"{""device"": ""ios"", ""source"": ""email"", ""value"": 0}"
E00881,U0006,click,2024-02-11T09:37:00Z,"{""device"": ""android"", ""source"": ""ads"", ""value"": 1}"
E00882,U0011,search,2024-02-11T09:54:00Z,"{""device"": ""web"", ""source"": ""organic"", ""value"": 2}"
E00883,U0016,purchase,2024-02-11T10:11:00Z,"{""device"": ""ios"", ""source"": ""partner"", ""value"": 3}"
E00884,U0021,support_ticket,2024-02-11T10:28:00Z,"{""device"": ""android"", ""source"": ""email"", ""value"": 4}"
E00885,U0026,view,2024-02-11T10:45:00Z,"{""device"": ""web"", ""source"": ""ads"", ""value"": 5}"
E00886,U0031,click,2024-02-11T11:02:00Z,"{""device"": ""ios"", ""source"": ""organic"", ""value"": 6}"
E00887,U0036,search,2024-02-11T11:19:00Z,"{""device"": ""android"", ""source"": ""partner"", ""value"": 7}"
E00888,U0041,purchase,2024-02-11T11:36:00Z,"{""device"": ""web"", ""source"": ""email"", ""value"": 8}"
E00889,U0046,support_ticket,2024-02-11T11:53:00Z,"{""device"": ""ios"", ""source"": ""ads"", ""value"": 9}"
E00890,U0051,view,2024-02-11T12:10:00Z,"{""device"": ""android"", ""source"": ""organic"", ""value"": 10}"
E00891,U0056,click,2024-02-11T12:27:00Z,"{""device"": ""web"", ""source"": ""partner"", ""value"": 0}"
E00892,U0061,search,2024-02-11T12:44:00Z,"{""device"": ""ios"", ""source"": ""email"", ""value"": 1}"
E00893,U0066,purchase,2024-02-11T13:01:00Z,"{""device"": ""android"", ""source"": ""ads"", ""value"": 2}"
E00894,U0071,support_ticket,2024-02-11T13:18:00Z,"{""device"": ""web"", ""source"": ""organic"", ""value"": 3}"
E00895,U0076,view,2024-02-11T13:35:00Z,"{""device"": ""ios"", ""source"": ""partner"", ""value"": 4}"
E00896,U0081,click,2024-02-11T13:52:00Z,"{""device"": ""android"", ""source"": ""email"", ""value"": 5}"
E00897,U0086,search,2024-02-11T14:09:00Z,"{""device"": ""web"", ""source"": ""ads"", ""value"": 6}"
E00898,U0091,purchase,2024-02-11T14:26:00Z,"{""device"": ""ios"", ""source"": ""organic"", ""value"": 7}"
E00899,U0096,support_ticket,2024-02-11T14:43:00Z,"{""device"": ""android"", ""source"": ""partner"", ""value"": 8}"
E00900,U0101,view,2024-02-11T15:00:00Z,"{""device"": ""web"", ""source"": ""email"", ""value"": 9}"
E00901,U0106,click,2024-02-11T15:17:00Z,"{""device"": ""ios"", ""source"": ""ads"", ""value"": 10}"
E00902,U0111,search,2024-02-11T15:34:00Z,"{""device"": ""android"", ""source"": ""organic"", ""value"": 0}"
E00903,U0116,purchase,2024-02-11T15:51:00Z,"{""device"": ""web"", ""source"": ""partner"", ""value"": 1}"
E00904,U0121,support_ticket,2024-02-11T16:08:00Z,"{""device"": ""ios"", ""source"": ""email"", ""value"": 2}"
E00905,U0126,view,2024-02-11T16:25:00Z,"{""device"": ""android"", ""source"": ""ads"", ""value"": 3}"
E00906,U0131,click,2024-02-11T16:42:00Z,"{""device"": ""web"", ""source"": ""organic"", ""value"": 4}"
E00907,U0136,search,2024-02-11T16:59:00Z,"{""device"": ""ios"", ""source"": ""partner"", ""value"": 5}"
E00908,U0141,purchase,2024-02-11T17:16:00Z,"{""device"": ""android"", ""source"": ""email"", ""value"": 6}"
E00909,U0146,support_ticket,2024-02-11T17:33:00Z,"{""device"": ""web"", ""source"": ""ads"", ""value"": 7}"
E00910,U0151,view,2024-02-11T17:50:00Z,"{""device"": ""ios"", ""source"": ""organic"", ""value"": 8}"
E00911,U0156,click,2024-02-11T18:07:00Z,"{""device"": ""android"", ""source"": ""partner"", ""value"": 9}"
E00912,U0161,search,2024-02-11T18:24:00Z,"{""device"": ""web"", ""source"": ""email"", ""value"": 10}"
E00913,U0166,purchase,2024-02-11T18:41:00Z,"{""device"": ""ios"", ""source"": ""ads"", ""value"": 0}"
E00914,U0171,support_ticket,2024-02-11T18:58:00Z,"{""device"": ""android"", ""source"": ""organic"", ""value"": 1}"
E00915,U0176,view,2024-02-11T19:15:00Z,"{""device"": ""web"", ""source"": ""partner"", ""value"": 2}"
E00916,U0181,click,2024-02-11T19:32:00Z,"{""device"": ""ios"", ""source"": ""email"", ""value"": 3}"
E00917,U0186,search,2024-02-11T19:49:00Z,"{""device"": ""android"", ""source"": ""ads"", ""value"": 4}"
E00918,U0191,purchase,2024-02-11T20:06:00Z,"{""device"": ""web"", ""source"": ""organic"", ""value"": 5}"
E00919,U0196,support_ticket,2024-02-11T20:23:00Z,"{""device"": ""ios"", ""source"": ""partner"", ""value"": 6}"
E00920,U0001,view,2024-02-11T20:40:00Z,"{""device"": ""android"", ""source"": ""email"", ""value"": 7}"
E00921,U0006,click,2024-02-11T20:57:00Z,"{""device"": ""web"", ""source"": ""ads"", ""value"": 8}"
E00922,U0011,search,2024-02-11T21:14:00Z,"{""device"": ""ios"", ""source"": ""organic"", ""value"": 9}"
E00923,U0016,purchase,2024-02-11T21:31:00Z,"{""device"": ""android"", ""source"": ""partner"", ""value"": 10}"
E00924,U0021,support_ticket,2024-02-11T21:48:00Z,"{""device"": ""web"", ""source"": ""email"", ""value"": 0}"
E00925,U0026,view,2024-02-11T22:05:00Z,"{""device"": ""ios"", ""source"": ""ads"", ""value"": 1}"
E00926,U0031,click,2024-02-11T22:22:00Z,"{""device"": ""android"", ""source"": ""organic"", ""value"": 2}"
E00927,U0036,search,2024-02-11T22:39:00Z,"{""device"": ""web"", ""source"": ""partner"", ""value"": 3}"
E00928,U0041,purchase,2024-02-11T22:56:00Z,"{""device"": ""ios"", ""source"": ""email"", ""value"": 4}"
E00929,U0046,support_ticket,2024-02-11T23:13:00Z,"{""device"": ""android"", ""source"": ""ads"", ""value"": 5}"
E00930,U0051,view,2024-02-11T23:30:00Z,"{""device"": ""web"", ""source"": ""organic"", ""value"": 6}"
E00931,U0056,click,2024-02-11T23:47:00Z,"{""device"": ""ios"", ""source"": ""partner"", ""value"": 7}"
E00932,U0061,search,2024-02-12T00:04:00Z,"{""device"": ""android"", ""source"": ""email"", ""value"": 8}"
E00933,U0066,purchase,2024-02-12T00:21:00Z,"{""device"": ""web"", ""source"": ""ads"", ""value"": 9}"
E00934,U0071,support_ticket,2024-02-12T00:38:00Z,"{""device"": ""ios"", ""source"": ""organic"", ""value"": 10}"
E00935,U0076,view,2024-02-12T00:55:00Z,"{""device"": ""android"", ""source"": ""partner"", ""value"": 0}"
E00936,U0081,click,2024-02-12T01:12:00Z,"{""device"": ""web"", ""source"": ""email"", ""value"": 1}"
E00937,U0086,search,2024-02-12T01:29:00Z,"{""device"": ""ios"", ""source"": ""ads"", ""value"": 2}"
E00938,U0091,purchase,2024-02-12T01:46:00Z,"{""device"": ""android"", ""source"": ""organic"", ""value"": 3}"
E00939,U0096,support_ticket,2024-02-12T02:03:00Z,"{""device"": ""web"", ""source"": ""partner"", ""value"": 4}"
E00940,U0101,view,2024-02-12T02:20:00Z,"{""device"": ""ios"", ""source"": ""email"", ""value"": 5}"
E00941,U0106,click,2024-02-12T02:37:00Z,"{""device"": ""android"", ""source"": ""ads"", ""value"": 6}"
E00942,U0111,search,2024-02-12T02:54:00Z,"{""device"": ""web"", ""source"": ""organic"", ""value"": 7}"
E00943,U0116,purchase,2024-02-12T03:11:00Z,"{""device"": ""ios"", ""source"": ""partner"", ""value"": 8}"
E00944,U0121,support_ticket,2024-02-12T03:28:00Z,"{""device"": ""android"", ""source"": ""email"", ""value"": 9}"
E00945,U0126,view,2024-02-12T03:45:00Z,"{""device"": ""web"", ""source"": ""ads"", ""value"": 10}"
E00946,U0131,click,2024-02-12T04:02:00Z,"{""device"": ""ios"", ""source"": ""organic"", ""value"": 0}"
E00947,U0136,search,2024-02-12T04:19:00Z,"{""device"": ""android"", ""source"": ""partner"", ""value"": 1}"
E00948,U0141,purchase,2024-02-12T04:36:00Z,"{""device"": ""web"", ""source"": ""email"", ""value"": 2}"
E00949,U0146,support_ticket,2024-02-12T04:53:00Z,"{""device"": ""ios"", ""source"": ""ads"", ""value"": 3}"
E00950,U0151,view,2024-02-12T05:10:00Z,"{""device"": ""android"", ""source"": ""organic"", ""value"": 4}"
E00951,U0156,click,2024-02-12T05:27:00Z,"{""device"": ""web"", ""source"": ""partner"", ""value"": 5}"
E00952,U0161,search,2024-02-12T05:44:00Z,"{""device"": ""ios"", ""source"": ""email"", ""value"": 6}"
E00953,U0166,purchase,2024-02-12T06:01:00Z,"{""device"": ""android"", ""source"": ""ads"", ""value"": 7}"
E00954,U0171,support_ticket,2024-02-12T06:18:00Z,"{""device"": ""web"", ""source"": ""organic"", ""value"": 8}"
E00955,U0176,view,2024-02-12T06:35:00Z,"{""device"": ""ios"", ""source"": ""partner"", ""value"": 9}"
E00956,U0181,click,2024-02-12T06:52:00Z,"{""device"": ""android"", ""source"": ""email"", ""value"": 10}"
E00957,U0186,search,2024-02-12T07:09:00Z,"{""device"": ""web"", ""source"": ""ads"", ""value"": 0}"
E00958,U0191,purchase,2024-02-12T07:26:00Z,"{""device"": ""ios"", ""source"": ""organic"", ""value"": 1}"
E00959,U0196,support_ticket,2024-02-12T07:43:00Z,"{""device"": ""android"", ""source"": ""partner"", ""value"": 2}"
E00960,U0001,view,2024-02-12T08:00:00Z,"{""device"": ""web"", ""source"": ""email"", ""value"": 3}"
E00961,U0006,click,2024-02-12T08:17:00Z,"{""device"": ""ios"", ""source"": ""ads"", ""value"": 4}"
E00962,U0011,search,2024-02-12T08:34:00Z,"{""device"": ""android"", ""source"": ""organic"", ""value"": 5}"
E00963,U0016,purchase,2024-02-12T08:51:00Z,"{""device"": ""web"", ""source"": ""partner"", ""value"": 6}"
E00964,U0021,support_ticket,2024-02-12T09:08:00Z,"{""device"": ""ios"", ""source"": ""email"", ""value"": 7}"
E00965,U0026,view,2024-02-12T09:25:00Z,"{""device"": ""android"", ""source"": ""ads"", ""value"": 8}"
E00966,U0031,click,2024-02-12T09:42:00Z,"{""device"": ""web"", ""source"": ""organic"", ""value"": 9}"
E00967,U0036,search,2024-02-12T09:59:00Z,"{""device"": ""ios"", ""source"": ""partner"", ""value"": 10}"
E00968,U0041,purchase,2024-02-12T10:16:00Z,"{""device"": ""android"", ""source"": ""email"", ""value"": 0}"
E00969,U0046,support_ticket,2024-02-12T10:33:00Z,"{""device"": ""web"", ""source"": ""ads"", ""value"": 1}"
E00970,U0051,view,2024-02-12T10:50:00Z,"{""device"": ""ios"", ""source"": ""organic"", ""value"": 2}"
E00971,U0056,click,2024-02-12T11:07:00Z,"{""device"": ""android"", ""source"": ""partner"", ""value"": 3}"
E00972,U0061,search,2024-02-12T11:24:00Z,"{""device"": ""web"", ""source"": ""email"", ""value"": 4}"
E00973,U0066,purchase,2024-02-12T11:41:00Z,"{""device"": ""ios"", ""source"": ""ads"", ""value"": 5}"
E00974,U0071,support_ticket,2024-02-12T11:58:00Z,"{""device"": ""android"", ""source"": ""organic"", ""value"": 6}"
E00975,U0076,view,2024-02-12T12:15:00Z,"{""device"": ""web"", ""source"": ""partner"", ""value"": 7}"
E00976,U0081,click,2024-02-12T12:32:00Z,"{""device"": ""ios"", ""source"": ""email"", ""value"": 8}"
E00977,U0086,search,2024-02-12T12:49:00Z,"{""device"": ""android"", ""source"": ""ads"", ""value"": 9}"
E00978,U0091,purchase,2024-02-12T13:06:00Z,"{""device"": ""web"", ""source"": ""organic"", ""value"": 10}"
E00979,U0096,support_ticket,2024-02-12T13:23:00Z,"{""device"": ""ios"", ""source"": ""partner"", ""value"": 0}"
E00980,U0101,view,2024-02-12T13:40:00Z,"{""device"": ""android"", ""source"": ""email"", ""value"": 1}"
E00981,U0106,click,2024-02-12T13:57:00Z,"{""device"": ""web"", ""source"": ""ads"", ""value"": 2}"
E00982,U0111,search,2024-02-12T14:14:00Z,"{""device"": ""ios"", ""source"": ""organic"", ""value"": 3}"
E00983,U0116,purchase,2024-02-12T14:31:00Z,"{""device"": ""android"", ""source"": ""partner"", ""value"": 4}"
E00984,U0121,support_ticket,2024-02-12T14:48:00Z,"{""device"": ""web"", ""source"": ""email"", ""value"": 5}"
E00985,U0126,view,2024-02-12T15:05:00Z,"{""device"": ""ios"", ""source"": ""ads"", ""value"": 6}"
E00986,U0131,click,2024-02-12T15:22:00Z,"{""device"": ""android"", ""source"": ""organic"", ""value"": 7}"
E00987,U0136,search,2024-02-12T15:39:00Z,"{""device"": ""web"", ""source"": ""partner"", ""value"": 8}"
E00988,U0141,purchase,2024-02-12T15:56:00Z,"{""device"": ""ios"", ""source"": ""email"", ""value"": 9}"
E00989,U0146,support_ticket,2024-02-12T16:13:00Z,"{""device"": ""android"", ""source"": ""ads"", ""value"": 10}"
E00990,U0151,view,2024-02-12T16:30:00Z,"{""device"": ""web"", ""source"": ""organic"", ""value"": 0}"
E00991,U0156,click,2024-02-12T16:47:00Z,"{""device"": ""ios"", ""source"": ""partner"", ""value"": 1}"
E00992,U0161,search,2024-02-12T17:04:00Z,"{""device"": ""android"", ""source"": ""email"", ""value"": 2}"
E00993,U0166,purchase,2024-02-12T17:21:00Z,"{""device"": ""web"", ""source"": ""ads"", ""value"": 3}"
E00994,U0171,support_ticket,2024-02-12T17:38:00Z,"{""device"": ""ios"", ""source"": ""organic"", ""value"": 4}"
E00995,U0176,view,2024-02-12T17:55:00Z,"{""device"": ""android"", ""source"": ""partner"", ""value"": 5}"
E00996,U0181,click,2024-02-12T18:12:00Z,"{""device"": ""web"", ""source"": ""email"", ""value"": 6}"
E00997,U0186,search,2024-02-12T18:29:00Z,"{""device"": ""ios"", ""source"": ""ads"", ""value"": 7}"
E00998,U0191,purchase,2024-02-12T18:46:00Z,"{""device"": ""android"", ""source"": ""organic"", ""value"": 8}"
E00999,U0196,support_ticket,2024-02-12T19:03:00Z,"{""device"": ""web"", ""source"": ""partner"", ""value"": 9}"
E01000,U0001,view,2024-02-12T19:20:00Z,"{""device"": ""ios"", ""source"": ""email"", ""value"": 10}"
